"","site","chamber","date","pwsw","temp","cond","salinity","ph","station","ALKA","CL","DOC","LCOND","LPH","NH4","NOX","Salinity","SO4","TDN","TN","trt","mean.salinity","srp.um.l","tdp.um.l","srp.ppb","tdp.ppb"
"1","BW",1,2014-10-22,"PW",29.404,13.56,7.778,6.632,"BW-P-1",479,3823,196,NA,7.57,1.759,0.005,NA,118,6.13,NA,"control",7.46,1.625,3.406,50.33,105.48
"2","BW",1,2014-10-22,"SW",NA,NA,NA,NA,"BW-S-1",107,1552,51.2,NA,7.84,0.065,0.005,NA,53.5,1.65,NA,"control",2.8,0.353,0.402,10.93,12.45
"3","BW",1,2014-10-22,"SW",NA,NA,NA,NA,"BW-S-1",107,1552,51.2,NA,7.84,0.065,0.005,NA,53.5,1.65,NA,"control",2.76,0.242,0.423,7.49,13.1
"4","BW",1,2014-11-20,"PW",25.444,13.432,7.738,6.78,"BW-P-1",529,3767,153,NA,7.71,1.876,NA,NA,68,5.97,NA,"control",7.19,1.522,3.741,47.14,115.86
"5","BW",1,2014-11-20,"SW",23.35,8.8345,4.935,NA,"BW-S-1",176,2679,80.4,NA,7.92,0.047,NA,NA,103,2.4,NA,"control",4.94,0.382,0.603,11.83,18.67
"6","BW",1,2014-11-20,"SW",23.35,8.8345,4.935,NA,"BW-S-1",176,2679,80.4,NA,7.92,0.047,NA,NA,103,2.4,NA,"control",4.93,0.369,0.523,11.43,16.2
"7","BW",1,2014-12-17,"PW",25.31,13.36,7.7,6.662,"BW-P-1",502,4528,145,NA,7.63,2.03,NA,NA,110,5.89,NA,"control",7.23,2.227,3.778,68.97,117
"8","BW",1,2014-12-17,"SW",15.99,10.04,5.7,NA,"BW-S-1",204,3185,82.3,NA,7.66,0.178,NA,NA,148,2.75,NA,"control",5.7,0.376,0.746,11.64,23.1
"9","BW",1,2014-12-17,"SW",15.99,10.04,5.7,NA,"BW-S-1",204,3185,82.3,NA,7.66,0.178,NA,NA,148,2.75,NA,"control",5.7,0.284,0.582,8.8,18.02
"10","BW",1,2015-01-14,"PW",26.026,12.984,7.452,6.544,"BW-P-1",356,3798,141,NA,7.46,0.708,NA,NA,60.5,3.79,NA,"control",6.89,0.948,1.867,29.36,57.82
"11","BW",1,2015-01-14,"SW",25.52,4.483,2.38,NA,"BW-S-1",218,1296,50.5,NA,8.02,0.053,0.005,NA,59.2,1.51,NA,"control",2.38,0.386,0.582,11.95,18.02
"12","BW",1,2015-02-11,"PW",23.062,12.924,7.442,6.832,"BW-P-1",388,3598,117,NA,7.51,1.038,NA,NA,79.5,4.35,NA,"control",6.68,0.704,2.015,21.8,62.4
"13","BW",1,2015-03-18,"PW",28.538,12.3668,7.062,6.84,"BW-P-1",317,3126,93.2,NA,7.91,1.285,NA,NA,232,4.05,NA,"control",NA,NA,NA,54.38,85.91
"14","BW",1,2015-04-15,"PW",30.4216666666667,15.41,8.92833333333333,6.865,"BW-P-1",306.53,4421.385,114.2,NA,7.73,NA,NA,NA,421.263,0.771,NA,"control",NA,NA,NA,65.04,105.67
"15","BW",2,2014-10-22,"SW",NA,NA,NA,NA,"BW-S-2",101,1512,50.1,NA,7.7,0.041,0.005,NA,55.2,1.68,NA,"control",2.83,0.392,0.346,12.14,10.72
"16","BW",2,2014-10-22,"SW",NA,NA,NA,NA,"BW-S-2",101,1512,50.1,NA,7.7,0.041,0.005,NA,55.2,1.68,NA,"control",2.73,0.475,0.668,14.71,20.69
"17","BW",3,2014-10-22,"PW",28.242,15.994,9.31,6.674,"BW-P-3",649,4910,177,NA,7.67,3.457,0.005,NA,256,7.52,NA,"control",9.07,0.354,5.846,10.96,181.05
"18","BW",3,2014-11-20,"PW",23.696,15.908,9.448,6.794,"BW-P-3",677,4406,146,NA,7.68,3.603,NA,NA,205,7.73,NA,"control",8.94,3.285,5.162,101.74,159.87
"19","BW",3,2014-11-20,"SW",23.13,8.89,4.97,NA,"BW-S-3",171,2724,81.6,NA,7.82,0.051,NA,NA,100,2.46,NA,"control",4.97,0.238,0.314,7.37,9.72
"20","BW",3,2014-12-17,"PW",27.94,15.976,9.308,6.686,"BW-P-3",669,5100,152,NA,7.61,3.605,NA,NA,203,7.55,NA,"control",8.63,2.941,5.028,91.08,155.72
"21","BW",3,2014-12-17,"SW",15.82,9.968,5.65,NA,"BW-S-3",196,2996,75.6,NA,7.83,0.294,NA,NA,124,2.74,NA,"control",5.65,0.139,0.397,4.3,12.3
"22","BW",3,2015-01-14,"PW",26.452,15.5,9.022,6.634,"BW-P-3",630,4551,156,NA,7.77,3.633,NA,NA,133,6.46,NA,"control",8.51,4.027,5.705,124.72,176.68
"23","BW",3,2015-01-14,"SW",29.14,7.008,3.82,NA,"BW-S-3",215,1964,72,NA,7.87,0.093,0.005,NA,94.7,2.04,NA,"control",3.82,0.307,0.621,9.51,19.23
"24","BW",3,2015-01-14,"SW",29.14,7.008,3.82,NA,"BW-S-3",215,1964,72,NA,7.87,0.093,0.005,NA,94.7,2.04,NA,"control",3.82,0.288,0.581,8.92,17.99
"25","BW",3,2015-02-11,"PW",23.588,15.828,9.274,6.714,"BW-P-3",520,4711,142,NA,7.49,3.143,NA,NA,174,7,NA,"control",8.74,2.738,4.582,84.8,141.9
"26","BW",3,2015-02-11,"SW",29.12,5.647,3.03,NA,"BW-S-3",208,1362,56.9,NA,8.25,0.044,NA,NA,74.4,2.12,NA,"control",3.03,0.385,0.615,11.92,19.05
"27","BW",3,2015-02-11,"SW",29.12,5.647,3.03,NA,"BW-S-3",208,1362,56.9,NA,8.25,0.044,NA,NA,74.4,2.12,NA,"control",3.03,0.352,0.599,10.9,18.55
"28","BW",3,2015-03-18,"PW",28.64,16.42,9.578,6.86,"BW-P-3",539,5068,135,NA,8.02,3.693,NA,NA,249,7.12,NA,"control",NA,NA,NA,68.6,172.47
"29","BW",3,2015-04-15,"PW",31.49,17.0233333333333,9.935,6.79833333333333,"BW-P-3",478.13,4661.689,119,NA,7.59,NA,NA,NA,317.643,6.588,NA,"control",NA,NA,NA,118.77,167.3
"30","BW",5,2014-10-22,"PW",26.614,15.188,8.81,6.808,"BW-P-5",612,4709,169,NA,7.76,4.093,0.005,NA,171,8.54,NA,"control",8.21,1.09,5.14,33.76,159.19
"31","BW",5,2014-11-20,"PW",23.71,14.4,8.358,6.772,"BW-P-5",590,4132,152,NA,7.78,4.2,NA,NA,138,8.57,NA,"control",7.71,2.978,3.711,92.23,114.93
"32","BW",5,2014-11-20,"SW",23.62,9.002,5.03,NA,"BW-S-5",170,2723,82.1,NA,7.88,0.055,NA,NA,104,2.58,NA,"control",5.03,0.367,0.641,11.37,19.85
"33","BW",5,2014-12-17,"PW",27.842,14.89,8.628,6.702,"BW-P-5",626,4692,148,NA,7.73,4.686,NA,NA,167,8.65,NA,"control",7.9,3.399,5.697,105.27,176.44
"34","BW",5,2014-12-17,"SW",20.09,9.23,5.19,NA,"BW-S-5",198,3245,82.7,NA,7.76,0.097,NA,NA,134,2.71,NA,"control",5.19,0.181,0.429,5.61,13.29
"35","BW",5,2015-01-14,"PW",26.804,14.588,8.45,6.566,"BW-P-5",563,4039,152,NA,7.65,4.061,NA,NA,99,6.84,NA,"control",7.95,5.362,4.358,166.06,134.97
"36","BW",5,2015-01-14,"SW",24.54,8.747,4.88,NA,"BW-S-5",206,2528,87.4,NA,7.83,0.088,0.005,NA,120,2.53,NA,"control",4.88,0.572,0.815,17.71,25.24
"37","BW",5,2015-02-11,"PW",25.908,15.536,9.05,6.69,"BW-P-5",546,4710,134,NA,7.43,3.579,NA,NA,169,7.42,NA,"control",8.76,5.293,4.411,163.92,136.61
"38","BW",5,2015-02-11,"SW",26.84,11.84,6.74,NA,"BW-S-5",343,3740,199,NA,7.92,0.453,NA,NA,151,4.74,NA,"control",6.74,1.417,2.383,43.88,73.8
"39","BW",5,2015-03-18,"PW",26.562,15.468,9.016,6.872,"BW-P-5",447,3957,112,NA,8.05,3.847,NA,NA,209,6.57,NA,"control",NA,NA,NA,129.86,127.32
"40","BW",5,2015-04-15,"PW",31.3975,17.26,10.2425,6.9375,"BW-P-5",500,4866,NA,NA,8.02,NA,NA,NA,351,NA,NA,"control",NA,NA,NA,122.02,196.23
"41","BW",7,2014-10-22,"PW",26.986,12.806,7.332,6.774,"BW-P-7",545,3792,153,NA,7.77,3.084,0.007,NA,144,7.05,NA,"control",7.14,0.099,3.458,3.07,107.09
"42","BW",7,2014-11-20,"PW",22.994,12.84,7.386,6.848,"BW-P-7",524,3782,129,NA,7.69,3.333,NA,NA,144,6.92,NA,"control",7.22,2.889,4.604,89.47,142.59
"43","BW",7,2014-11-20,"SW",23.74,8.804,4.91,NA,"BW-S-7",166,2670,79.8,NA,7.97,0.052,NA,NA,102,2.54,NA,"control",4.91,0.418,0.631,12.95,19.54
"44","BW",7,2014-12-17,"PW",27.94,13.358,7.67,6.696,"BW-P-7",530,4341,128,NA,7.8,3.312,NA,NA,173,6.72,NA,"control",7.64,3.739,5.333,115.8,165.16
"45","BW",7,2014-12-17,"SW",22,3.69,1.95,NA,"BW-S-7",201,1274,35.6,NA,8.09,0.053,NA,NA,53.7,1.47,NA,"control",1.95,0.157,0.378,4.86,11.71
"46","BW",7,2015-01-14,"PW",26.29,13.626,7.852,6.638,"BW-P-7",514,4106,129,NA,7.72,3.212,NA,NA,119,5.72,NA,"control",7.81,5.224,4.292,161.79,132.92
"47","BW",7,2015-01-14,"SW",24.56,7.122,3.91,NA,"BW-S-7",218,2564,71.6,NA,8.01,0.063,0.005,NA,125,2.05,NA,"control",3.91,0.315,0.601,9.76,18.61
"48","BW",7,2015-02-11,"PW",25.604,13.32,7.682,6.82,"BW-P-7",403,3792,113,NA,7.61,2.127,NA,NA,184,5.34,NA,"control",6.93,1.667,2.119,51.63,65.63
"49","BW",7,2015-02-11,"SW",27.78,2.672,1.37,NA,"BW-S-7",190,482,74.1,NA,8.55,0.05,NA,NA,54.2,1.64,NA,"control",1.37,0.341,0.637,10.56,19.73
"50","BW",7,2015-03-18,"PW",26.708,13.861,8.012,6.924,"BW-P-7",333,5511,96,NA,7.97,2.563,NA,NA,412,5.32,NA,"control",NA,NA,NA,48.03,83.34
"51","BW",7,2015-04-15,"PW",30.35,16.328,9.48,7.054,"BW-P-7",362.57,4639.731,116.1,NA,7.57,NA,NA,NA,426.546,6.347,NA,"control",NA,NA,NA,18.52,98.14
"52","BW",8,2014-10-22,"PW",27.412,15.71,9.146,6.766,"BW-P-8",555,4621,163,NA,7.44,4.356,0.005,NA,225,8.42,NA,"control",8.72,4.423,8.621,136.98,266.99
"53","BW",8,2014-11-20,"PW",25.308,15.5,9.036,6.726,"BW-P-8",600,4850,182,NA,7.79,4.407,NA,NA,238,8.52,NA,"control",8.48,5.651,7.996,175.01,247.64
"54","BW",8,2014-11-20,"SW",25.52,8.811,4.91,NA,"BW-S-8",168,2579,112,NA,8.03,0.042,NA,NA,98.2,2.59,NA,"control",4.91,0.33,0.333,10.22,10.31
"55","BW",8,2014-12-17,"PW",25.904,15.732,9.184,6.642,"BW-P-8",576,4717,141,NA,7.39,4.528,NA,NA,249,8.53,NA,"control",8.67,6.507,9.647,201.52,298.77
"56","BW",8,2014-12-17,"SW",20.26,6.91,3.81,NA,"BW-S-8",198,2025,59.1,NA,8.05,0.36,NA,NA,83.1,2.32,NA,"control",3.81,0.199,0.469,6.16,14.52
"57","BW",8,2015-01-14,"PW",25.928,15.298,8.894,6.682,"BW-P-8",514,4271,152,NA,7.77,3.877,NA,NA,133,6.08,NA,"control",8.5,5.971,7.713,184.92,238.87
"58","BW",8,2015-01-14,"SW",25.19,3.593,1.89,NA,"BW-S-8",205,893,36,NA,7.91,0.041,0.005,NA,35.7,1.26,NA,"control",1.89,0.226,0.454,7,14.06
"59","BW",8,2015-02-11,"PW",26.696,15.018,8.72,6.822,"BW-P-8",551,4495,125,NA,7.39,4.006,NA,NA,186,7.54,NA,"control",8.13,5.613,7.066,173.83,218.83
"60","BW",8,2015-02-11,"SW",27.51,3.219,1.67,NA,"BW-S-8",227,594,45.7,NA,8.14,0.52,NA,NA,38.8,3.09,NA,"control",1.67,0.629,1.038,19.48,32.15
"61","BW",8,2015-03-18,"PW",28.752,15.77,9.178,6.824,"BW-P-8",521,4469,121,NA,8.08,4.501,NA,NA,245,7.3,NA,"control",NA,NA,NA,191.39,216.45
"62","BW",8,2015-04-15,"PW",31.27,17.12,10.015,6.915,"BW-P-8",630.96,5507.711,138.2,NA,7.86,NA,NA,NA,405.379,9.286,NA,"control",NA,NA,NA,180,190.59
"63","BW",9,2014-10-22,"PW",27.322,13.514,7.77,6.778,"BW-P-9",468,4127,145,NA,7.33,2.31,0.005,NA,227,6.17,NA,"control",7.62,-0.293,4.21,-9.07,130.38
"64","BW",9,2014-11-20,"PW",26.914,14.9,8.644,6.81,"BW-P-9",500,4093,132,NA,7.74,3.091,NA,NA,247,6.66,NA,"control",7.76,0.878,2,27.19,61.94
"65","BW",9,2014-11-20,"SW",25.62,8.909,4.97,NA,"BW-S-9",163,2591,114,NA,8.06,0.043,NA,NA,101,2.58,NA,"control",4.97,0.351,0.583,10.87,18.06
"66","BW",9,2014-12-17,"PW",26.028,15.778,9.21,6.674,"BW-P-9",523,4879,126,NA,7.52,2.766,NA,NA,281,5.93,NA,"control",8.48,2.414,3.176,74.76,98.36
"67","BW",9,2014-12-17,"SW",24.29,7.97,4.42,NA,"BW-S-9",197,3108,78,NA,7.88,0.077,NA,NA,132,2.62,NA,"control",4.42,0.302,0.521,9.35,16.14
"68","BW",9,2015-01-14,"PW",27.402,16.058,9.38,6.662,"BW-P-9",462,4894,120,NA,7.86,2.461,NA,NA,301,4.71,NA,"control",8.88,4.525,3.585,140.14,111.03
"69","BW",9,2015-01-14,"SW",26.43,6.354,3.45,NA,"BW-S-9",241,2138,73.3,NA,7.83,0.096,0.005,NA,106,2.07,NA,"control",3.45,0.371,0.697,11.49,21.59
"70","BW",9,2015-02-11,"PW",26.994,15.72,9.154,6.708,"BW-P-9",442,4581,114,NA,7.46,2.225,NA,NA,215,5.43,NA,"control",8.51,2.128,2.186,65.9,67.7
"71","BW",9,2015-03-18,"PW",28.998,16.478,9.638,6.902,"BW-P-9",324,3984,94.3,NA,8.02,2.423,NA,NA,303,5.47,NA,"control",NA,NA,NA,80.21,96.97
"72","BW",9,2015-04-15,"PW",33.6433333333333,18.2983333333333,10.7166666666667,7.08833333333333,"BW-P-9",518.4,6084.357,120.3,NA,7.88,NA,NA,NA,474.261,6.928,NA,"control",NA,NA,NA,89.72,135.31
"73","BW",11,2014-10-22,"PW",27.578,18.03,10.626,6.65,"BW-P-11",307,6024,116,NA,7.21,1.399,0.009,NA,510,4.2,NA,"treatment",11.91,0.639,1.718,19.79,53.21
"74","BW",11,2014-11-20,"PW",25.562,21.276,12.764,6.774,"BW-P-11",272,7825,97.6,NA,7.63,0.912,NA,NA,954,3.32,NA,"treatment",13.99,0.486,1.19,15.05,36.85
"75","BW",11,2014-11-20,"SW",24.8,9.013,5.03,NA,"BW-S-11",172,2493,120,NA,7.75,0.034,NA,NA,96.1,2.55,NA,"treatment",5.03,0.282,0.51,8.73,15.79
"76","BW",11,2014-12-17,"PW",26.878,17.77,10.482,6.702,"BW-P-11",224,6652,75.5,NA,7.44,0.575,NA,NA,569,2.88,NA,"treatment",10.69,0.463,0.706,14.34,21.86
"77","BW",11,2014-12-17,"SW",19.8,11.22,6.4,NA,"BW-S-11",191,3897,94.8,NA,7.99,0.07,NA,NA,182,3.01,NA,"treatment",6.4,0.321,0.671,9.94,20.78
"78","BW",11,2015-01-14,"PW",29.534,20.06,11.92,6.686,"BW-P-11",266,7035,90.7,NA,7.66,0.899,NA,NA,649,2.8,NA,"treatment",12.72,0.952,1.257,29.48,38.93
"79","BW",11,2015-01-14,"SW",27.62,13.09,7.5,NA,"BW-S-11",223,4450,97.2,NA,7.83,0.151,0.005,NA,334,2.63,NA,"treatment",7.5,0.466,0.832,14.43,25.77
"80","BW",11,2015-02-11,"PW",26.572,22.092,13.286,6.686,"BW-P-11",270,3131,80.6,NA,7.4,1.262,NA,NA,342,3.52,NA,"treatment",14.98,0.966,1.42,29.92,43.98
"81","BW",11,2015-03-18,"PW",28.3,22.934,13.852,6.808,"BW-P-11",206,8158,89.1,NA,7.87,0.962,NA,NA,894,3.28,NA,"treatment",NA,NA,NA,28.24,43.82
"82","BW",11,2015-04-15,"PW",31.45,25.095,15.1866666666667,6.95833333333333,"BW-P-11",222.17,8969.468,94.15,NA,7.49,NA,NA,NA,920.956,4.106,NA,"treatment",NA,NA,NA,50.79,91.33
"83","BW",12,2014-10-22,"PW",26.766,23.85,14.418,6.636,"BW-P-12",396,8287,118,NA,7.17,2.641,0.005,NA,793,5.53,NA,"treatment",15.22,2.506,4.47,77.61,138.44
"84","BW",12,2014-11-20,"PW",25.062,23.538,14.234,6.726,"BW-P-12",318,8561,93.7,NA,7.64,1.929,NA,NA,1021,4.36,NA,"treatment",14.5,3.235,3.585,100.19,111.03
"85","BW",12,2014-11-20,"SW",25.76,9.439,5.29,NA,"BW-S-12",179,2969,83.3,NA,7.85,0.052,NA,NA,128,2.57,NA,"treatment",5.29,0.475,0.477,14.71,14.77
"86","BW",12,2014-12-17,"PW",27.386,18.952,12.488,6.62,"BW-P-12",276,7202,80.7,NA,7.32,1.467,NA,NA,624,3.75,NA,"treatment",11.96,1.884,2.685,58.35,83.15
"87","BW",12,2014-12-17,"SW",19.74,11.04,6.24,NA,"BW-S-12",200,3759,95.9,NA,7.95,0.171,NA,NA,185,3.03,NA,"treatment",6.24,0.414,0.712,12.82,22.05
"88","BW",12,2015-01-14,"PW",29.78,22.608,13.566,6.676,"BW-P-12",285,7188,90.9,NA,7.53,1.545,NA,NA,713,3.38,NA,"treatment",13.47,1.675,2.462,51.87,76.25
"89","BW",12,2015-01-14,"SW",26.79,12.52,7.15,NA,"BW-S-12",204,3983,100,NA,7.72,0.161,0.005,NA,223,2.9,NA,"treatment",7.15,0.421,0.728,13.04,22.55
"90","BW",12,2015-01-14,"SW",26.79,12.52,7.15,NA,"BW-S-12",204,3983,100,NA,7.72,0.161,0.005,NA,223,2.9,NA,"treatment",7.15,0.406,0.656,12.57,20.32
"91","BW",12,2015-02-11,"PW",27.612,23.99,14.508,6.744,"BW-P-12",294,8378,73.7,NA,7.39,1.443,NA,NA,154,3.55,NA,"treatment",15.28,2.119,2.819,65.63,87.3
"92","BW",12,2015-02-11,"SW",25.6,22.45,13.57,NA,"BW-S-12",272,8103,148,NA,7.96,0.445,NA,NA,812,4.32,NA,"treatment",13.57,0.369,0.736,11.43,22.79
"93","BW",12,2015-03-18,"PW",28.466,27.924,17.122,6.788,"BW-P-12",262,10067,78,NA,7.92,1.739,NA,NA,1186,3.88,NA,"treatment",NA,NA,NA,40.82,59.09
"94","BW",12,2015-04-15,"PW",30.0766666666667,29.385,18.06,6.88,"BW-P-12",255.41,10171.72,81.84,NA,7.43,NA,NA,NA,1121.684,4.221,NA,"treatment",NA,NA,NA,53.64,84.98
"95","BW",13,2014-10-22,"PW",25.446,18.322,9.072,6.686,"BW-P-13",359,6550,123,NA,7.21,1.593,0.005,NA,504,4.56,NA,"treatment",10.52,1.311,3.325,40.6,102.98
"96","BW",13,2014-11-20,"PW",25.078,17.472,10.304,6.734,"BW-P-13",267,6611,172,NA,7.6,0.908,NA,NA,666,3.56,NA,"treatment",12.24,1.253,2.06,38.81,63.8
"97","BW",13,2014-11-20,"SW",24.77,9.089,5.08,NA,"BW-S-13",180,2764,83.6,NA,7.86,0.051,NA,NA,104,2.52,NA,"treatment",5.08,0.379,0.586,11.74,18.15
"98","BW",13,2014-12-17,"PW",28.25,16.202,9.468,6.688,"BW-P-13",269,8577,105,NA,7.5,0.825,NA,NA,792,4.43,NA,"treatment",10.86,1.121,2.067,34.72,64.01
"99","BW",13,2014-12-17,"SW",20.22,11.22,6.4,NA,"BW-S-13",207,3934,95.9,NA,7.9,0.113,NA,NA,190,2.92,NA,"treatment",6.4,0.378,0.686,11.71,21.25
"100","BW",13,2015-01-14,"PW",29.288,20.25,12.076,6.678,"BW-P-13",310,7809,111,NA,7.82,1.174,NA,NA,791,3.03,NA,"treatment",13.57,1.246,1.673,38.59,51.81
"101","BW",13,2015-02-11,"PW",25.1175,20.5025,12.2775,6.675,"BW-P-13",270,8050,84,NA,7.65,1.326,NA,NA,119,3.86,NA,"treatment",14.48,1.389,1.986,43.02,61.51
"102","BW",13,2015-03-18,"PW",25.828,23.82,14.504,6.678,"BW-P-13",228,8917,85,NA,7.9,1.29,NA,NA,991,3.57,NA,"treatment",NA,NA,NA,42.24,59.09
"103","BW",13,2015-04-15,"PW",32.38,26.72,16.2325,6.67,"BW-P-13",179.6,8929.837,94.06,NA,7.75,NA,NA,NA,955.829,3.766,NA,"treatment",NA,NA,NA,37.5,73.52
"104","BW",14,2014-10-22,"PW",26.584,19.876,11.822,6.696,"BW-P-14",453,6829,120,NA,7.24,2.704,0.005,NA,551,5.66,NA,"treatment",12.17,2.15,3.287,66.59,101.8
"105","BW",14,2014-11-20,"PW",24.704,20.534,12.264,6.756,"BW-P-14",355,6576,120,NA,7.47,2.56,NA,NA,633,5.32,NA,"treatment",12.35,3.997,5.556,123.79,172.07
"106","BW",14,2014-11-20,"SW",24.08,9.233,5.18,NA,"BW-S-14",172,2724,82.3,NA,7.72,0.065,NA,NA,109,2.51,NA,"treatment",5.18,0.417,0.609,12.91,18.86
"107","BW",14,2014-12-17,"PW",28.18,20.304,12.08,6.598,"BW-P-14",360,8160,106,NA,7.46,1.87,NA,NA,784,4.16,NA,"treatment",11.92,2.43,2.7,75.26,83.62
"108","BW",14,2014-12-17,"SW",19.43,11.03,6.29,NA,"BW-S-14",193,3727,95.5,NA,8,0.144,NA,NA,175,3.02,NA,"treatment",6.29,0.182,0.41,5.64,12.7
"109","BW",14,2015-01-14,"PW",28.098,21.63,12.956,6.602,"BW-P-14",306,7431,98.6,NA,7.72,1.636,NA,NA,737,3.43,NA,"treatment",13.61,2.182,2.633,67.58,81.54
"110","BW",14,2015-01-14,"SW",30.78,13.23,7.56,NA,"BW-S-14",205,4345,99.2,NA,7.77,0.141,0.005,NA,266,2.89,NA,"treatment",7.56,0.469,0.771,14.52,23.88
"111","BW",14,2015-02-11,"PW",26.236,21.94,13.1758,6.75,"BW-P-14",332,7780,92.9,NA,7.38,1.693,NA,NA,704,3.98,NA,"treatment",14.07,1.511,2.521,46.8,78.08
"112","BW",14,2015-03-18,"PW",26.126,26.364,16.126,6.712,"BW-P-14",320,9590,86.8,NA,7.96,2.136,NA,NA,1041,4.15,NA,"treatment",NA,NA,NA,60.76,85.45
"113","BW",14,2015-04-15,"PW",31.9783333333333,27.3116666666667,16.6266666666667,6.862,"BW-P-14",263.7,9999.523,84.04,NA,7.56,NA,NA,NA,1073.554,4.195,NA,"treatment",NA,NA,NA,27.78,62.4
"114","BW",15,2014-10-22,"PW",25.038,16.08,9.408,6.736,"BW-P-15",243,4898,108,NA,7.19,0.939,0.006,NA,382,3.5,NA,"treatment",9.45,0.181,1.152,5.61,35.68
"115","BW",15,2014-11-20,"PW",23.652,15.67,9.276,6.754,"BW-P-15",188,4977,96.9,NA,7.06,0.338,NA,NA,473,2.86,NA,"treatment",8.35,0.239,1.004,7.4,31.09
"116","BW",15,2014-11-20,"SW",24.83,9.369,5.25,NA,"BW-S-15",182,2755,88.1,NA,7.95,0.097,NA,NA,102,2.66,NA,"treatment",5.25,0.531,0.621,16.45,19.23
"117","BW",15,2014-12-17,"PW",29.95,16.786,9.798,6.644,"BW-P-15",213,7016,81.5,NA,7.4,0.524,NA,NA,572,2.93,NA,"treatment",9.6,0.355,1.033,10.99,31.99
"118","BW",15,2014-12-17,"SW",19.92,11.13,6.34,NA,"BW-S-15",190,3650,96.9,NA,8.07,0.204,NA,NA,177,3.04,NA,"treatment",6.34,0.353,0.561,10.93,17.37
"119","BW",15,2015-01-14,"PW",28.342,19.658,11.672,6.526,"BW-P-15",254,6607,88.5,NA,7.57,0.826,NA,NA,703,2.7,NA,"treatment",12.81,1.137,1.428,35.21,44.23
"120","BW",15,2015-02-11,"PW",25.002,19.326,11.888,6.656,"BW-P-15",258,6765,81.4,NA,7.44,0.956,NA,NA,646,3.28,NA,"treatment",12.37,0.982,1.338,30.41,41.44
"121","BW",15,2015-03-18,"PW",29.6,20.932,12.466,6.8,"BW-P-15",209,7178,99.6,NA,7.97,1.234,NA,NA,815,4.3,NA,"treatment",NA,NA,NA,28.74,54.41
"122","BW",15,2015-04-15,"PW",33.89,22.18,13.225,7.374,"BW-P-15",NA,NA,108.4,NA,NA,NA,NA,NA,NA,4.822,NA,"treatment",NA,NA,NA,46.3,51.1
"123","BW",16,2014-10-22,"PW",25.28,20.442,12.218,6.762,"BW-P-16",426,6910,129,NA,7.26,2.662,0.005,NA,586,5.76,NA,"treatment",12.99,0.669,2.848,20.72,88.2
"124","BW",16,2014-11-20,"PW",22.558,21.658,12.962,6.726,"BW-P-16",377,7963,99.9,NA,7.55,1.921,NA,NA,923,4.5,NA,"treatment",13.72,1.895,2.648,58.69,82.01
"125","BW",16,2014-11-20,"SW",24.84,9.091,5.085,NA,"BW-S-16",172,2763,82.5,NA,8.01,0.053,NA,NA,107,2.56,NA,"treatment",5.07,0.449,0.597,13.91,18.49
"126","BW",16,2014-11-20,"SW",24.84,9.091,5.085,NA,"BW-S-16",172,2763,82.5,NA,8.01,0.053,NA,NA,107,2.56,NA,"treatment",5.1,0.381,0.544,11.8,16.85
"127","BW",16,2014-12-17,"PW",28.302,20.226,12.014,6.616,"BW-P-16",291,8818,85,NA,7.43,1.629,NA,NA,807,3.86,NA,"treatment",12.39,1.398,2.313,43.3,71.63
"128","BW",16,2014-12-17,"SW",20.47,11.14,6.36,NA,"BW-S-16",194,4128,98,NA,8.07,0.108,NA,NA,201,2.98,NA,"treatment",6.36,NA,NA,NA,NA
"129","BW",16,2014-12-17,"SW",20.47,11.14,6.36,NA,"BW-S-16",194,4128,98,NA,8.07,0.108,NA,NA,201,2.98,NA,"treatment",6.36,0.193,0.367,5.98,11.37
"130","BW",16,2015-01-14,"PW",28.362,21.134,12.62,6.658,"BW-P-16",277,6920,165,NA,7.65,1.416,NA,NA,725,3.44,NA,"treatment",12.95,1.718,2.082,53.21,64.48
"131","BW",16,2015-02-11,"PW",24.6,21.97,13.216,6.664,"BW-P-16",288,7752,79.9,NA,7.45,1.445,NA,NA,745,3.73,NA,"treatment",13.98,2.027,1.852,62.78,57.36
"132","BW",16,2015-03-18,"PW",25.52,25.58,15.672,6.792,"BW-P-16",267,9471,80.6,NA,7.98,1.681,NA,NA,1093,3.81,NA,"treatment",NA,NA,NA,32.3,55.1
"133","BW",16,2015-04-15,"PW",30.78,25.6,15.514,6.92333333333333,"BW-P-16",316.21,8928.112,93.45,NA,7.55,NA,NA,NA,901.933,4.951,NA,"treatment",NA,NA,NA,77.15,89.22
"134","FW",1,2014-10-22,"SW",NA,NA,NA,NA,"FW-S-1",140,51.8,9,NA,7.77,0.025,0.005,NA,0.1,0.65,NA,"control",0.088,0,0.498,0,15.42
"135","FW",1,2014-10-22,"SW",NA,NA,NA,NA,"FW-S-1",140,51.8,9,NA,7.77,0.025,0.005,NA,0.1,0.65,NA,"control",0.094,0,0.276,0,8.55
"136","FW",2,2014-10-15,"PW",29.86,0.3816,0.182,NA,"FW-P-2",64,74.4,46.3,NA,6.43,0.209,0.006,NA,1,0.96,NA,"control",0.18,0.084,0.376,2.6,11.64
"137","FW",2,2014-10-22,"SW",NA,NA,NA,NA,"FW-S-2",139,47.7,9.8,NA,7.87,0.037,0.005,NA,0.1,0.704,NA,"control",0.086,0.007,0.327,0.22,10.13
"138","FW",2,2014-10-22,"SW",NA,NA,NA,NA,"FW-S-2",139,47.7,9.8,NA,7.87,0.037,0.005,NA,0.1,0.704,NA,"control",0.086,0.005,0.294,0.15,9.11
"139","FW",2,2014-11-19,"PW",18.98,0.6788,0.332,7.084,"FW-P-2",144,46.1,35.1,NA,7.51,0.175,NA,NA,0.2,0.73,NA,"control",0.22,0.013,0.202,0.4,6.26
"140","FW",2,2014-11-19,"SW",19.25,0.492,0.24,7.47,"FW-S-2",139,57.9,9.2,NA,7.89,0.093,NA,NA,0.1,0.645,NA,"control",0.24,0,0.327,0,10.13
"141","FW",2,2014-11-19,"SW",19.25,0.492,0.24,7.47,"FW-S-2",139,57.9,9.2,NA,7.89,0.093,NA,NA,0.1,0.645,NA,"control",0.24,0.01,0.438,0.31,13.56
"142","FW",2,2014-12-18,"PW",24.944,0.5694,0.274,6.586,"FW-P-2",168,48.1,30.1,NA,7.55,0.132,NA,NA,0.1,0.794,NA,"control",0.24,0.007,0.191,0.22,5.92
"143","FW",2,2014-12-18,"SW",18.35,0.53,0.26,NA,"FW-S-2",183,59.6,8.4,NA,7.95,0.038,NA,NA,0.1,0.701,NA,"control",0.26,0.009,0.442,0.28,13.69
"144","FW",2,2014-12-18,"SW",18.35,0.53,0.26,NA,"FW-S-2",183,59.6,8.4,NA,7.95,0.038,NA,NA,0.1,0.701,NA,"control",0.26,0.038,0.36,1.18,11.15
"145","FW",2,2015-01-15,"PW",21.15,0.5996,0.292,6.552,"FW-P-2",177,58.5,26.4,NA,7.59,0.238,NA,NA,0.1,0.732,NA,"control",0.28,0.002,0.273,0.06,8.45
"146","FW",2,2015-01-15,"SW",21.88,0.617,0.3,NA,"FW-S-2",197,74.2,9.9,NA,7.74,0.07,0.015,NA,0.1,0.586,NA,"control",0.3,0.026,0.393,0.81,12.17
"147","FW",2,2015-01-15,"SW",21.88,0.617,0.3,NA,"FW-S-2",197,74.2,9.9,NA,7.74,0.07,0.015,NA,0.1,0.586,NA,"control",0.3,0.108,0.357,3.34,11.06
"148","FW",2,2015-02-12,"PW",25.684,0.6386,0.312,6.66,"FW-P-2",179,78.8,14,NA,7.55,0.074,NA,NA,0.2,0.571,NA,"control",0.31,0.118,0.207,3.65,6.41
"149","FW",2,2015-02-12,"SW",18.42,0.666,0.33,NA,"FW-S-2",201,76.9,9.4,NA,7.89,0.052,0.011,NA,1.5,0.721,NA,"control",0.33,0.061,0.318,1.89,9.85
"150","FW",2,2015-02-12,"SW",18.42,0.666,0.33,NA,"FW-S-2",201,76.9,9.4,NA,7.89,0.052,0.011,NA,1.5,0.721,NA,"control",0.33,0.08,0.418,2.48,12.95
"151","FW",2,2015-03-19,"PW",26.506,0.6506,0.314,6.87,"FW-P-2",202,84.4,15.1,NA,7.29,0.064,NA,NA,0.1,0.529,NA,"control",NA,NA,NA,NA,NA
"152","FW",3,2014-10-15,"PW",31.518,0.5192,0.248,NA,"FW-P-3",116,56.7,39.9,NA,7.13,0.632,0.005,NA,1,1.39,NA,"control",0.2,0.021,0.166,0.65,5.14
"153","FW",3,2014-11-19,"PW",19.664,0.4872,0.236,6.808,"FW-P-3",152,59,10.5,NA,7.28,0.548,NA,NA,0.5,1.04,NA,"control",0.24,0.008,0.172,0.25,5.33
"154","FW",3,2014-11-19,"SW",19.51,0.472,0.23,7.42,"FW-S-3",139,63.7,8.9,NA,7.56,0.045,NA,NA,0.1,0.593,NA,"control",0.23,0.005,0.411,0.15,12.73
"155","FW",3,2014-12-18,"PW",26.058,0.5172,0.248,6.672,"FW-P-3",172,55.5,26.8,NA,7.53,0.495,NA,NA,0.1,1.15,NA,"control",0.25,0.055,0.281,1.7,8.7
"156","FW",3,2014-12-18,"SW",18.5,0.53,0.26,NA,"FW-S-3",180,57.5,12.1,NA,8.03,0.123,NA,NA,0.1,0.738,NA,"control",0.26,0.045,0.387,1.39,11.99
"157","FW",3,2015-01-15,"PW",21.706,0.592,0.286,6.504,"FW-P-3",194,63.8,30.1,NA,7.74,0.598,NA,NA,0.1,1.23,NA,"control",0.3,0.01,0.385,0.31,11.92
"158","FW",3,2015-01-15,"SW",21.18,0.61,0.3,NA,"FW-S-3",195,73.2,11.9,NA,7.87,0.063,0.01,NA,0.1,0.676,NA,"control",0.3,0.043,0.392,1.33,12.14
"159","FW",3,2015-02-12,"PW",24.232,0.6586,0.32,6.76,"FW-P-3",192,90.2,12.5,NA,7.78,0.361,NA,NA,0.1,0.9,NA,"control",0.33,0.118,0.298,3.65,9.23
"160","FW",3,2015-02-12,"SW",18.82,0.634,0.31,NA,"FW-S-3",201,79.1,10,NA,7.95,0.064,0.021,NA,1.1,0.895,NA,"control",0.31,0.083,0.532,2.57,16.48
"161","FW",3,2015-03-19,"PW",29.496,0.6552,0.316,6.782,"FW-P-3",206,81.9,14.4,NA,7.18,0.499,NA,NA,0.8,1.01,NA,"control",NA,NA,NA,NA,NA
"162","FW",6,2014-10-15,"PW",30.928,0.4242,0.202,NA,"FW-P-6",146,43.9,48.1,NA,7.12,0.514,0.005,NA,1,1.22,NA,"control",0.2,0.054,0.308,1.67,9.54
"163","FW",6,2014-11-19,"PW",18.4275,0.47475,0.23,6.655,"FW-P-6",178,44.1,14.6,NA,7.48,0.393,NA,NA,0.1,0.905,NA,"control",0.23,0.008,0.197,0.25,6.1
"164","FW",6,2014-11-19,"SW",18.63,0.464,0.22,7.37,"FW-S-6",136,65,9.2,NA,7.69,0.057,NA,NA,0.3,0.63,NA,"control",0.22,0.004,0.326,0.12,10.1
"165","FW",6,2014-12-18,"PW",25.564,0.5278,0.254,6.672,"FW-P-6",172,52,12.6,NA,7.38,0.482,NA,NA,0.1,0.981,NA,"control",0.26,0,0.228,0,7.06
"166","FW",6,2014-12-18,"SW",18.35,0.53,0.26,NA,"FW-S-6",182,59.6,7.8,NA,8.04,0.132,NA,NA,0.1,0.779,NA,"control",0.26,0.03,0.415,0.93,12.85
"167","FW",6,2015-01-15,"PW",21.84,0.5872,0.286,6.552,"FW-P-6",192,56.3,14.6,NA,7.53,0.359,NA,NA,0.1,0.807,NA,"control",0.29,0,0.215,0,6.66
"168","FW",6,2015-01-15,"SW",20.9,0.614,0.3,NA,"FW-S-6",198,73.3,9.3,NA,7.76,0.066,0.009,NA,0.1,0.665,NA,"control",0.3,0.022,0.391,0.68,12.11
"169","FW",6,2015-02-12,"PW",26.732,0.648,0.3,6.744,"FW-P-6",191,71.2,18.6,NA,7.77,0.598,NA,NA,0.2,1.17,NA,"control",0.31,0.259,0.298,8.02,9.23
"170","FW",6,2015-02-12,"SW",18.5,0.631,0.31,NA,"FW-S-6",198,75.1,12,NA,8.02,0.191,NA,NA,2.1,0.964,NA,"control",0.31,0.053,0.481,1.64,14.9
"171","FW",6,2015-03-19,"PW",29.51,0.67875,0.3275,6.81,"FW-P-6",207,85.4,14.8,NA,7.52,0.289,NA,NA,0.4,0.781,NA,"control",NA,NA,NA,NA,NA
"172","FW",8,2014-10-15,"PW",28.51625,0.45875,0.22,NA,"FW-P-8",93,29.3,93.7,NA,6.76,0.824,0.006,NA,1,1.71,NA,"control",0.21,0.094,0.584,2.91,18.09
"173","FW",8,2014-11-19,"PW",18.384,0.494,0.24,6.788,"FW-P-8",180,42.6,12.2,NA,7.61,0.92,NA,NA,0.1,1.42,NA,"control",0.25,0.012,0.456,0.37,14.12
"174","FW",8,2014-11-19,"SW",18.75,0.464,0.22,7.14,"FW-S-8",142,63.5,8.3,NA,7.77,0.057,NA,NA,0.2,0.637,NA,"control",0.22,0.003,0.386,0.09,11.95
"175","FW",8,2014-12-18,"PW",25.094,0.5296,0.256,6.536,"FW-P-8",182,54.5,17.6,NA,7.5,0.878,NA,NA,0.1,1.41,NA,"control",0.26,0.028,0.242,0.87,7.49
"176","FW",8,2014-12-18,"SW",19.03,0.53,0.26,NA,"FW-S-8",178,59.4,7.9,NA,8,0.143,NA,NA,0.1,0.762,NA,"control",0.26,0.027,0.376,0.84,11.64
"177","FW",8,2015-01-15,"PW",21.448,0.5788,0.282,6.7,"FW-P-8",210,56.4,13.5,NA,7.75,0.766,NA,NA,0.1,1.26,NA,"control",0.3,0.04,0.206,1.24,6.38
"178","FW",8,2015-01-15,"SW",20.74,0.619,0.3,NA,"FW-S-8",196,74.4,10.2,NA,7.74,0.094,0.008,NA,0.1,0.678,NA,"control",0.3,0.041,0.383,1.27,11.86
"179","FW",8,2015-02-12,"PW",24.468,0.6538,0.318,6.982,"FW-P-8",199,71.2,10,NA,7.71,0.775,NA,NA,0.1,1.28,NA,"control",0.33,0.083,0.224,2.57,6.94
"180","FW",8,2015-02-12,"SW",18.68,0.656,0.32,NA,"FW-S-8",205,84.7,10.6,NA,8.05,0.095,NA,NA,0.6,0.879,NA,"control",0.32,0.035,0.434,1.08,13.44
"181","FW",8,2015-03-19,"PW",28.0725,0.68625,0.33,6.8125,"FW-P-8",213,81.3,14.6,NA,7.45,0.607,NA,NA,0.6,1.09,NA,"control",NA,NA,NA,NA,NA
"182","FW",9,2014-10-15,"PW",28.71,0.4206,0.202,NA,"FW-P-9",109,43.9,39,NA,6.84,0.212,0.005,NA,1,0.8,NA,"control",0.2,0.032,0.228,0.99,7.06
"183","FW",9,2014-11-19,"PW",19.486,0.4864,0.236,6.768,"FW-P-9",168,46.6,15.6,NA,7.37,0.227,NA,NA,0.2,0.686,NA,"control",0.24,0.011,0.209,0.34,6.47
"184","FW",9,2014-11-19,"SW",18.72,0.47,0.23,7.23,"FW-S-9",145,54.2,9.7,NA,7.84,0.044,NA,NA,0.1,0.621,NA,"control",0.23,0.001,0.56,0.03,17.34
"185","FW",9,2014-12-18,"PW",26.47,0.5368,0.26,6.516,"FW-P-9",180,52.9,22.6,NA,7.71,0.123,NA,NA,0.1,0.593,NA,"control",0.26,0.043,0.279,1.33,8.64
"186","FW",9,2014-12-18,"SW",18.73,0.54,0.26,NA,"FW-S-9",182,59.2,8.8,NA,7.93,0.119,NA,NA,0.1,0.721,NA,"control",0.26,0.023,0.326,0.71,10.1
"187","FW",9,2015-01-15,"PW",21.558,0.6122,0.3,6.638,"FW-P-9",211,54.3,13,NA,7.61,0.1,NA,NA,0.1,0.528,NA,"control",0.3,0.01,0.112,0.31,3.47
"188","FW",9,2015-01-15,"SW",21.66,0.619,0.3,NA,"FW-S-9",198,74.7,10,NA,7.75,0.109,0.02,NA,0.1,0.708,NA,"control",0.3,0.019,0.328,0.59,10.16
"189","FW",9,2015-02-12,"PW",25.662,0.7018,0.338,6.9,"FW-P-9",217,78.7,10.9,NA,7.69,0.068,NA,NA,0.2,0.53,NA,"control",0.34,0.069,0.184,2.14,5.7
"190","FW",9,2015-02-12,"SW",18.49,0.661,0.32,NA,"FW-S-9",208,82.6,11.8,NA,7.71,0.172,NA,NA,0.2,0.929,NA,"control",0.32,0.09,0.432,2.79,13.38
"191","FW",9,2015-03-19,"PW",27.8375,0.69,0.3325,6.86,"FW-P-9",225,78.3,14.5,NA,7.2,0.052,NA,NA,0.2,0.515,NA,"control",NA,NA,NA,NA,NA
"192","FW",10,2014-10-15,"PW",28.566,0.4134,0.196,NA,"FW-P-10",147,25.3,47.4,NA,7.26,0.291,0.005,NA,1,0.97,NA,"treatment",0.2,0.02,0.302,0.62,9.35
"193","FW",10,2014-11-19,"PW",19.022,0.4862,0.246,6.994,"FW-P-10",175,47.3,17.5,NA,7.55,0.227,NA,NA,0.1,0.769,NA,"treatment",0.24,0.006,0.321,0.19,9.94
"194","FW",10,2014-11-19,"SW",18.6,0.479,0.23,7.26,"FW-S-10",139,60.5,11.9,NA,7.48,0.089,NA,NA,2.1,0.675,NA,"treatment",0.23,0.002,0.381,0.06,11.8
"195","FW",10,2014-12-18,"PW",25.516,0.5314,0.256,6.702,"FW-P-10",168,52.9,23.3,NA,7.52,0.219,NA,NA,0.1,0.806,NA,"treatment",0.25,0.024,0.233,0.74,7.22
"196","FW",10,2014-12-18,"SW",18.47,0.54,0.26,NA,"FW-S-10",184,59.4,9.2,NA,8.11,0.158,NA,NA,0.1,0.767,NA,"treatment",0.26,0.029,0.558,0.9,17.28
"197","FW",10,2015-01-15,"PW",21.588,0.6026,0.292,6.718,"FW-P-10",187,60.2,25.3,NA,7.34,0.185,NA,NA,0.1,0.679,NA,"treatment",0.28,0.01,0.204,0.31,6.32
"198","FW",10,2015-01-15,"SW",21.41,0.616,0.3,NA,"FW-S-10",199,73,10.5,NA,7.78,0.093,0.016,NA,0.1,0.649,NA,"treatment",0.3,0.027,0.317,0.84,9.82
"199","FW",10,2015-02-12,"PW",23.774,0.6686,0.328,6.834,"FW-P-10",210,71.6,18.8,NA,7.58,0.159,NA,NA,0.1,0.64,NA,"treatment",0.32,0.053,0.212,1.64,6.57
"200","FW",10,2015-02-12,"SW",18.14,0.635,0.31,NA,"FW-S-10",202,76.8,10.3,NA,7.8,0.115,NA,NA,1.7,0.864,NA,"treatment",0.31,0.049,0.415,1.52,12.85
"201","FW",10,2015-03-19,"PW",31.87,0.7044,0.338,6.818,"FW-P-10",207,77.6,15.7,NA,7.69,0.264,NA,NA,0.7,0.838,NA,"treatment",NA,NA,NA,NA,NA
"202","FW",11,2014-10-15,"PW",31.3825,3.12225,1.65125,NA,"FW-P-11",71,1213,48,NA,6.43,1.113,0.005,NA,253,1.66,NA,"treatment",2.39,0.007,0.48,0.22,14.87
"203","FW",11,2014-11-19,"PW",18,4.63,2.512,7.004,"FW-P-11",108,738,17.4,NA,7.28,0.898,NA,NA,113,1.5,NA,"treatment",3.28,0.004,0.268,0.12,8.3
"204","FW",11,2014-11-19,"SW",17.73,3.464,1.83,7.49,"FW-S-11",151,909,8.9,NA,7.8,0.057,NA,NA,134,0.679,NA,"treatment",1.83,0,0.388,0,12.02
"205","FW",11,2014-12-18,"PW",28.5,3.4704,1.836,6.612,"FW-P-11",179,1159,20,NA,7.89,0.561,NA,NA,145,1.21,NA,"treatment",2.2,0.031,0.244,0.96,7.56
"206","FW",11,2014-12-18,"SW",19.2,1.71,0.87,NA,"FW-S-11",180,143,9.5,NA,8.05,0.185,NA,NA,11.4,0.773,NA,"treatment",0.87,0.028,0.401,0.87,12.42
"207","FW",11,2015-01-15,"PW",29.348,3.2228,1.678,6.794,"FW-P-11",186,1053,16.8,NA,7.79,0.451,NA,NA,152,0.938,NA,"treatment",1.98,0.045,0.238,1.39,7.37
"208","FW",11,2015-01-15,"SW",20.55,0.853,0.42,NA,"FW-S-11",197,136,10.2,NA,7.86,0.087,0.012,NA,9.2,0.704,NA,"treatment",0.42,0.039,0.377,1.21,11.68
"209","FW",11,2015-02-12,"PW",25.646,2.0096,1.026,7.048,"FW-P-11",231,391,NA,NA,8.1,NA,NA,NA,53,NA,NA,"treatment",1.16,NA,NA,NA,NA
"210","FW",11,2015-02-12,"SW",17.85,3.602,1.91,NA,"FW-S-11",214,781,12.7,NA,7.75,0.162,NA,NA,118,1.01,NA,"treatment",1.91,0.071,0.428,2.2,13.26
"211","FW",11,2015-03-19,"PW",35.2475,5.61075,3.0075,6.785,"FW-P-11",200,1740,30.4,NA,7.52,1.17,NA,NA,250,1.66,NA,"treatment",NA,NA,NA,NA,NA
"212","FW",12,2014-10-15,"PW",31.43,2.65375,1.3675,NA,"FW-P-12",150,1037,39.8,NA,7.12,0.936,0.005,NA,144,1.73,NA,"treatment",2,0.013,0.148,0.4,4.58
"213","FW",12,2014-11-19,"PW",18.69,4.4842,2.476,6.982,"FW-P-12",123,1574,11.6,NA,7.3,0.815,NA,NA,232,1.37,NA,"treatment",2.91,0.005,0.165,0.15,5.11
"214","FW",12,2014-11-19,"SW",18.26,1.585,0.8,7.44,"FW-S-12",142,378,8.8,NA,7.78,0.05,NA,NA,49.5,0.674,NA,"treatment",0.8,0,0.381,0,11.8
"215","FW",12,2014-12-18,"PW",25.072,3.6922,1.95,6.642,"FW-P-12",196,1174,16.9,NA,7.87,0.505,NA,NA,168,1.09,NA,"treatment",2.41,0.024,0.248,0.74,7.68
"216","FW",12,2014-12-18,"SW",18.64,0.6,0.29,NA,"FW-S-12",180,73.5,8.5,NA,8.03,0.129,NA,NA,2.1,0.764,NA,"treatment",0.29,0.027,0.51,0.84,15.79
"217","FW",12,2015-01-15,"PW",27.082,2.4808,1.276,6.756,"FW-P-12",234,791,12,NA,7.38,0.648,NA,NA,101,1.06,NA,"treatment",1.57,0,0.207,0,6.41
"218","FW",12,2015-01-15,"SW",20.47,0.939,0.46,NA,"FW-S-12",198,168,11.1,NA,7.82,0.075,0.007,NA,15.2,0.676,NA,"treatment",0.46,0.048,0.385,1.49,11.92
"219","FW",12,2015-02-12,"PW",23.838,2.7438,1.43,6.952,"FW-P-12",223,832,15.8,NA,7.82,0.75,NA,NA,129,1.32,NA,"treatment",1.92,0.058,0.192,1.8,5.95
"220","FW",12,2015-02-12,"SW",17.82,2.037,1.04,NA,"FW-S-12",207,207,12.7,NA,7.88,0.178,NA,NA,35.1,1.02,NA,"treatment",1.04,0.099,0.409,3.07,12.67
"221","FW",12,2015-03-19,"PW",32.684,3.8344,2.028,6.806,"FW-P-12",258,1294,14.7,NA,7.44,0.648,NA,NA,208,1.15,NA,"treatment",NA,NA,NA,NA,NA
"222","FW",13,2014-10-15,"PW",31.51375,3.092375,1.563,NA,"FW-P-13",109,1056,49.7,NA,7.09,0.9,0.005,NA,123,1.69,NA,"treatment",1.97,0.026,0.235,0.81,7.28
"223","FW",13,2014-11-19,"PW",18.51,4.18825,2.2375,6.9625,"FW-P-13",2,1291,12.9,NA,3.8,0.693,NA,NA,154,1.23,NA,"treatment",2.17,0,0.24,0,7.43
"224","FW",13,2014-11-19,"SW",18.24,0.702,0.34,7.7,"FW-S-13",146,118,8.6,NA,7.89,0.05,NA,NA,8.8,0.733,NA,"treatment",0.34,0.004,0.318,0.12,9.85
"225","FW",13,2014-12-18,"PW",26.5325,3.01025,1.5,6.6625,"FW-P-13",202,823,16.3,NA,7.64,0.408,NA,NA,111,1.06,NA,"treatment",1.51,0.016,0.311,0.5,9.63
"226","FW",13,2014-12-18,"SW",18.36,0.61,0.3,NA,"FW-S-13",183,64.2,9.1,NA,8.06,0.131,NA,NA,0.9,0.7,NA,"treatment",0.3,0.012,0.434,0.37,13.44
"227","FW",13,2015-01-15,"PW",24.614,3.8922,2.06,6.594,"FW-P-13",212,1142,14.4,NA,7.4,0.53,NA,NA,157,0.962,NA,"treatment",2.27,0.009,0.227,0.28,7.03
"228","FW",13,2015-01-15,"SW",20.49,1.417,0.71,NA,"FW-S-13",197,361,11.6,NA,7.88,0.075,0.008,NA,36.7,0.7,NA,"treatment",0.71,0.052,0.405,1.61,12.54
"229","FW",13,2015-02-12,"PW",25.042,8.4874,1.342,6.838,"FW-P-13",237,733,15.4,NA,7.67,0.58,NA,NA,110,1.14,NA,"treatment",1.7,0.166,0.243,5.14,7.53
"230","FW",13,2015-02-12,"SW",18.12,5.432,2.95,NA,"FW-S-13",234,1326,11.2,NA,7.6,0.29,NA,NA,197,1.17,NA,"treatment",2.95,0.115,0.435,3.56,13.47
"231","FW",13,2015-03-19,"PW",29.142,5.0587,2.712,6.666,"FW-P-13",226,1928,23.8,NA,7.48,0.653,NA,NA,256,1.11,NA,"treatment",NA,NA,NA,NA,NA
"232","FW",14,2014-10-15,"PW",31.74375,2.929,1.52125,NA,"FW-P-14",170,1268,54.6,NA,7.24,1.398,0.005,NA,162,2.44,NA,"treatment",2.23,0.02,0.187,0.62,5.79
"233","FW",14,2014-11-19,"PW",19.405,4.99125,2.6975,7.0175,"FW-P-14",116,1298,14.1,NA,7.11,1.143,NA,NA,175,1.73,NA,"treatment",2.76,0.004,0.187,0.12,5.79
"234","FW",14,2014-11-19,"SW",17.87,2.551,1.32,7.65,"FW-S-14",133,702,8.9,NA,7.66,0.038,NA,NA,95,0.677,NA,"treatment",1.32,0.004,0.427,0.12,13.22
"235","FW",14,2014-12-18,"PW",28.68,4.9202,2.636,6.666,"FW-P-14",216,1833,23.3,NA,7.65,1.022,NA,NA,271,1.66,NA,"treatment",3.25,0.022,0.16,0.68,4.96
"236","FW",14,2014-12-18,"SW",19.4,4.35,2.33,NA,"FW-S-14",179,171,8.3,NA,8.07,0.062,NA,NA,20.6,0.687,NA,"treatment",2.33,0.032,0.402,0.99,12.45
"237","FW",14,2015-01-15,"PW",27.032,2.9102,1.516,6.836,"FW-P-14",256,863,15.3,NA,7.5,0.719,NA,NA,124,1.24,NA,"treatment",1.95,0.036,0.374,1.11,11.58
"238","FW",14,2015-01-15,"SW",20.4,1.551,0.78,NA,"FW-S-14",197,325,11.3,NA,7.97,0.095,0.008,NA,30.8,0.704,NA,"treatment",0.78,0.064,0.394,1.98,12.2
"239","FW",14,2015-02-12,"PW",26.164,3.2054,1.684,6.928,"FW-P-14",264,1060,10.7,NA,7.63,0.74,NA,NA,148,1.28,NA,"treatment",2.25,0.069,0.212,2.14,6.57
"240","FW",14,2015-02-12,"SW",18.19,5.352,2.9,NA,"FW-S-14",223,1081,12.9,NA,7.73,0.306,NA,NA,159,1.14,NA,"treatment",2.9,0.103,0.457,3.19,14.15
"241","FW",14,2015-03-19,"PW",28.374,4.5372,2.426,6.846,"FW-P-14",267,1579,17.8,NA,7.54,1.043,NA,NA,194,1.54,NA,"treatment",NA,NA,NA,NA,NA
"242","FW",15,2014-10-15,"PW",31.77375,2.91725,1.52125,NA,"FW-P-15",118,1262,50.3,NA,7.1,1.402,0.005,NA,151,2.09,NA,"treatment",2.47,0.01,0.29,0.31,8.98
"243","FW",15,2014-11-19,"PW",18.336,3.3316,1.768,6.866,"FW-P-15",165,1037,13.7,NA,7.09,1.193,NA,NA,149,1.79,NA,"treatment",2.3,0.008,0.207,0.25,6.41
"244","FW",15,2014-11-19,"SW",17.92,3.516,1.86,7.58,"FW-S-15",154,987,8.4,NA,7.92,0.067,NA,NA,136,0.689,NA,"treatment",1.86,0.032,0.439,0.99,13.6
"245","FW",15,2014-11-19,"SW",17.92,3.516,1.86,7.58,"FW-S-15",154,987,8.4,NA,7.92,0.067,NA,NA,136,0.689,NA,"treatment",1.86,0.002,0.274,0.06,8.49
"246","FW",15,2014-12-18,"PW",27.68,2.795,1.45,6.574,"FW-P-15",196,835,14.1,NA,7.65,0.781,NA,NA,112,1.41,NA,"treatment",1.8,0.025,0.282,0.77,8.73
"247","FW",15,2014-12-18,"SW",19.74,2.86,1.49,NA,"FW-S-15",179,208,8.9,NA,8.08,0.079,NA,NA,28,0.811,NA,"treatment",1.49,0.038,0.555,1.18,17.19
"248","FW",15,2014-12-18,"SW",19.74,2.86,1.49,NA,"FW-S-15",179,208,8.9,NA,8.08,0.079,NA,NA,28,0.811,NA,"treatment",1.49,0.021,0.518,0.65,16.04
"249","FW",15,2015-01-15,"PW",23.794,2.9706,1.558,6.598,"FW-P-15",207,977,23.6,NA,7.41,0.86,NA,NA,120,1.41,NA,"treatment",1.98,0.012,0.265,0.37,8.21
"250","FW",15,2015-01-15,"SW",20.08,0.947,0.47,NA,"FW-S-15",194,165,12.5,NA,7.97,0.092,0.007,NA,13.2,0.694,NA,"treatment",0.47,0.072,0.389,2.23,12.05
"251","FW",15,2015-02-12,"PW",23.074,2.1162,1.088,6.822,"FW-P-15",226,665,13.1,NA,7.65,0.604,NA,NA,93.7,1.26,NA,"treatment",1.38,0.1,0.2,3.1,6.19
"252","FW",15,2015-02-12,"SW",18.1,2.443,1.27,NA,"FW-S-15",212,529,10.8,NA,7.95,0.087,NA,NA,84.3,1.01,NA,"treatment",1.27,0.075,0.462,2.32,14.31
"253","FW",15,2015-03-19,"PW",31.154,3.7022,1.968,6.67,"FW-P-15",225,1192,18,NA,7.53,1.045,NA,NA,166,1.47,NA,"treatment",NA,NA,NA,NA,NA
"254","FW",16,2014-10-15,"PW",30.8975,3.473875,1.81,NA,"FW-P-16",131,1426,57.6,NA,6.97,1.215,0.005,NA,170,2.8,NA,"treatment",2.45,0.069,0.488,2.14,15.11
"255","FW",16,2014-11-19,"PW",18.485,4.66525,2.5,6.95,"FW-P-16",169,1384,12.3,NA,7.28,0.902,NA,NA,198,1.42,NA,"treatment",2.54,0,0.213,0,6.6
"256","FW",16,2014-11-19,"SW",17.8,2.882,1.51,7.58,"FW-S-16",135,807,8.9,NA,7.55,0.059,NA,NA,107,0.72,NA,"treatment",1.51,0,0.391,0,12.11
"257","FW",16,2014-12-18,"PW",27.6025,5.1005,2.7325,6.6225,"FW-P-16",200,1442,23.4,NA,7.65,0.767,NA,NA,196,1.31,NA,"treatment",2.89,0.023,0.159,0.71,4.92
"258","FW",16,2014-12-18,"SW",19.29,2.66,1.38,NA,"FW-S-16",178,252,11.4,NA,8.09,0.149,NA,NA,31.1,0.731,NA,"treatment",1.38,0.02,0.499,0.62,15.45
"259","FW",16,2015-01-15,"PW",22.978,3.3438,1.756,6.764,"FW-P-16",231,1002,27.6,NA,7.55,0.593,NA,NA,128,1.14,NA,"treatment",2,0.01,0.279,0.31,8.64
"260","FW",16,2015-01-15,"SW",20.14,1.128,0.56,NA,"FW-S-16",195,241,9.6,NA,8.07,0.027,0.005,NA,20.4,0.661,NA,"treatment",0.56,0.057,0.432,1.77,13.38
"261","FW",16,2015-01-15,"SW",20.14,1.128,0.56,NA,"FW-S-16",195,241,9.6,NA,8.07,0.027,0.005,NA,20.4,0.661,NA,"treatment",0.56,0.058,0.515,1.8,15.95
"262","FW",16,2015-02-12,"PW",24.558,3.2516,1.696,6.918,"FW-P-16",248,860,15,NA,7.67,0.527,NA,NA,130,1.1,NA,"treatment",2.11,0.106,0.242,3.28,7.49
"263","FW",16,2015-02-12,"SW",18.12,4.812,2.59,NA,"FW-S-16",242,1131,11,NA,7.69,0.35,NA,NA,167,1.23,NA,"treatment",2.59,0.095,0.469,2.94,14.52
"264","FW",16,2015-02-12,"SW",18.12,4.812,2.59,NA,"FW-S-16",242,1131,11,NA,7.69,0.35,NA,NA,167,1.23,NA,"treatment",2.59,0.088,0.495,2.73,15.33
"265","FW",16,2015-03-19,"PW",27.846,4.3506,2.322,6.73,"FW-P-16",267,1636,28.7,NA,7.74,1.304,NA,NA,222,1.75,NA,"treatment",NA,NA,NA,NA,NA
