SAMPLE_ID,LAB_ID,STATION,MATRIX,COLLECT_METHOD,SAMPLE_TYPE,PROJECT_CODE,COLLECT_DATE,DISCHARGE,UP_DOWN_STREAM,WEATHER,DEPTH,TOTAL_DEPTH,SECCHI_DEPTH,FIRST_TRIGGER_DATE,RUN_DATE,PREP_DATE,STORET_CODE,TEST_NAME,TEST_NUMBER,VALUE,UNITS,UNCERTAINTY,REMARK_CODE,METHOD,MDL,SAMP_COMMENT,RESULT_COMMENT,FLAG,HSN,SCHEDULE_SEQ,CMP
P77338-15,50636015,BW-P-1,DI,G,EB,SGPC,3/17/2015 8:00,,,,,,,,3/27/2015 12:12,3/27/2015 12:12,410,ALKA,67,2,mg/L,+/- 1.0,I,SM2320B,1,,,G,50636015,5060171,410
P77338-15,50636015,BW-P-1,DI,G,EB,SGPC,3/17/2015 8:00,,,,,,,,3/30/2015 21:43,3/30/2015 21:43,941,CL,32,2.3,mg/L,+/- 0.2,,SM4110B,0.1,,Results Confirmed.,G,50636015,5060165,941
P77338-15,50636015,BW-P-1,DI,G,EB,SGPC,3/17/2015 8:00,,,,,,,,3/27/2015 10:57,3/27/2015 10:57,681,DOC,89,1.2,mg/L,+/- 0.80,I,SM5310B,0.8,,,G,50636015,5060166,681
P77338-15,50636015,BW-P-1,DI,G,EB,SGPC,3/17/2015 8:00,,,,,,,,3/27/2015 12:12,3/27/2015 12:12,403,LPH,15,5.78,pH Units,+/- 0.12,,SM4500H+B,0.1,,,Q,50636015,5060170,403
P77338-15,50636015,BW-P-1,DI,G,EB,SGPC,3/17/2015 8:00,,,,,,,,4/9/2015 17:10,4/9/2015 17:10,608,NH4,20,0.01,mg/L,+/- 0.005,,SM4500NH3H,0.005,,,G,50636015,5060167,608
P77338-15,50636015,BW-P-1,DI,G,EB,SGPC,3/17/2015 8:00,,,,,,,,3/30/2015 21:43,3/30/2015 21:43,946,SO4,33,0.1,mg/L,+/- 0.1,U,SM4110B,0.1,,,,50636015,5060165,946
P77338-15,50636015,BW-P-1,DI,G,EB,SGPC,3/17/2015 8:00,,,,,,,,4/3/2015 9:15,4/1/2015 15:55,602,TDN,,0.02,mg/L,+/- 0.020,U,SM4500NC,0.02,,,,50636015,5060169,602
P77338-16,50636016,BW-P-1,DI,G,FB,SGPC,3/17/2015 8:05,,,,,,,,3/27/2015 12:20,3/27/2015 12:20,410,ALKA,67,1,mg/L,+/- 1.0,U,SM2320B,1,,,,50636016,5060178,410
P77338-16,50636016,BW-P-1,DI,G,FB,SGPC,3/17/2015 8:05,,,,,,,,3/30/2015 21:54,3/30/2015 21:54,941,CL,32,0.1,mg/L,+/- 0.1,U,SM4110B,0.1,,,,50636016,5060172,941
P77338-16,50636016,BW-P-1,DI,G,FB,SGPC,3/17/2015 8:05,,,,,,,,3/27/2015 10:57,3/27/2015 10:57,681,DOC,89,0.94,mg/L,+/- 0.80,I,SM5310B,0.8,,,G,50636016,5060173,681
P77338-16,50636016,BW-P-1,DI,G,FB,SGPC,3/17/2015 8:05,,,,,,,,3/27/2015 12:20,3/27/2015 12:20,403,LPH,15,5.2,pH Units,+/- 0.11,,SM4500H+B,0.1,,,Q,50636016,5060177,403
P77338-16,50636016,BW-P-1,DI,G,FB,SGPC,3/17/2015 8:05,,,,,,,,4/9/2015 17:12,4/9/2015 17:12,608,NH4,20,0.005,mg/L,+/- 0.005,U,SM4500NH3H,0.005,,,,50636016,5060174,608
P77338-16,50636016,BW-P-1,DI,G,FB,SGPC,3/17/2015 8:05,,,,,,,,3/30/2015 21:54,3/30/2015 21:54,946,SO4,33,0.1,mg/L,+/- 0.1,U,SM4110B,0.1,,,,50636016,5060172,946
P77338-16,50636016,BW-P-1,DI,G,FB,SGPC,3/17/2015 8:05,,,,,,,,4/3/2015 9:16,4/1/2015 15:55,602,TDN,,0.02,mg/L,+/- 0.020,U,SM4500NC,0.02,,,,50636016,5060176,602
P77338-13,50636013,S-199,SW,G,SAMP,SGPC,3/17/2015 9:30,,,,,,,,3/27/2015 11:47,3/27/2015 11:47,410,ALKA,67,205,mg/L,+/- 23,,SM2320B,1,,,,50636013,5060157,410
P77338-13,50636013,S-199,SW,G,SAMP,SGPC,3/17/2015 9:30,,,,,,,,3/30/2015 21:20,3/30/2015 21:20,941,CL,32,61.6,mg/L,+/- 3.0,,SM4110B,0.1,,,,50636013,5060151,941
P77338-13,50636013,S-199,SW,G,SAMP,SGPC,3/17/2015 9:30,,,,,,,,3/27/2015 10:57,3/27/2015 10:57,681,DOC,89,19.6,mg/L,+/- 2.1,,SM5310B,1.6,,,,50636013,5060152,681
P77338-13,50636013,S-199,SW,G,SAMP,SGPC,3/17/2015 9:30,,,,,,,,3/27/2015 11:47,3/27/2015 11:47,403,LPH,15,7.93,pH Units,+/- 0.13,,SM4500H+B,0.1,,,Q,50636013,5060156,403
P77338-13,50636013,S-199,SW,G,SAMP,SGPC,3/17/2015 9:30,,,,,,,,4/9/2015 17:07,4/9/2015 17:07,608,NH4,20,0.08,mg/L,+/- 0.006,,SM4500NH3H,0.005,,,,50636013,5060153,608
P77338-13,50636013,S-199,SW,G,SAMP,SGPC,3/17/2015 9:30,,,,,,,,3/30/2015 21:20,3/30/2015 21:20,946,SO4,33,4.5,mg/L,+/- 0.2,,SM4110B,0.1,,,,50636013,5060151,946
P77338-13,50636013,S-199,SW,G,SAMP,SGPC,3/17/2015 9:30,,,,,,,,4/3/2015 9:09,4/1/2015 15:55,602,TDN,,0.831,mg/L,+/- 0.073,,SM4500NC,0.02,,,,50636013,5060155,602
P77338-14,50636014,S-199,SW,G,FD,SGPC,3/17/2015 9:31,,,,,,,,3/27/2015 12:00,3/27/2015 12:00,410,ALKA,67,206,mg/L,+/- 23,,SM2320B,1,,,,50636014,5060164,410
P77338-14,50636014,S-199,SW,G,FD,SGPC,3/17/2015 9:31,,,,,,,,3/30/2015 21:32,3/30/2015 21:32,941,CL,32,61.4,mg/L,+/- 3.0,,SM4110B,0.1,,,,50636014,5060158,941
P77338-14,50636014,S-199,SW,G,FD,SGPC,3/17/2015 9:31,,,,,,,,3/27/2015 10:57,3/27/2015 10:57,681,DOC,89,13.5,mg/L,+/- 1.9,,SM5310B,1.6,,,,50636014,5060159,681
P77338-14,50636014,S-199,SW,G,FD,SGPC,3/17/2015 9:31,,,,,,,,3/27/2015 12:00,3/27/2015 12:00,403,LPH,15,7.96,pH Units,+/- 0.13,,SM4500H+B,0.1,,,Q,50636014,5060163,403
P77338-14,50636014,S-199,SW,G,FD,SGPC,3/17/2015 9:31,,,,,,,,4/9/2015 17:09,4/9/2015 17:09,608,NH4,20,0.041,mg/L,+/- 0.005,,SM4500NH3H,0.005,,,,50636014,5060160,608
P77338-14,50636014,S-199,SW,G,FD,SGPC,3/17/2015 9:31,,,,,,,,3/30/2015 21:32,3/30/2015 21:32,946,SO4,33,4.7,mg/L,+/- 0.2,,SM4110B,0.1,,,,50636014,5060158,946
P77338-14,50636014,S-199,SW,G,FD,SGPC,3/17/2015 9:31,,,,,,,,4/3/2015 9:14,4/1/2015 15:55,602,TDN,,0.781,mg/L,+/- 0.068,,SM4500NC,0.02,,,,50636014,5060162,602
P77338-2,50636002,BW-P-3,PW,G,SAMP,SGPC,3/18/2015 11:33,,,,,,,,3/27/2015 18:01,3/27/2015 18:01,410,ALKA,67,539,mg/L,+/- 60,,SM2320B,1,,,,50636002,5060080,410
P77338-2,50636002,BW-P-3,PW,G,SAMP,SGPC,3/18/2015 11:33,,,,,,,,3/30/2015 17:55,3/30/2015 17:55,941,CL,32,5068,mg/L,+/- 248,,SM4110B,10,,,,50636002,5060074,941
P77338-2,50636002,BW-P-3,PW,G,SAMP,SGPC,3/18/2015 11:33,,,,,,,,3/27/2015 10:57,3/27/2015 10:57,681,DOC,89,135,mg/L,+/- 9.8,,SM5310B,1.6,,,,50636002,5060075,681
P77338-2,50636002,BW-P-3,PW,G,SAMP,SGPC,3/18/2015 11:33,,,,,,,,3/27/2015 18:01,3/27/2015 18:01,403,LPH,15,8.02,pH Units,+/- 0.13,,SM4500H+B,0.1,,,Q,50636002,5060079,403
P77338-2,50636002,BW-P-3,PW,G,SAMP,SGPC,3/18/2015 11:33,,,,,,,,4/6/2015 16:36,4/6/2015 16:36,608,NH4,20,3.693,mg/L,+/- 0.192,,SM4500NH3H,0.005,,,,50636002,5060076,608
P77338-2,50636002,BW-P-3,PW,G,SAMP,SGPC,3/18/2015 11:33,,,,,,,,3/30/2015 17:55,3/30/2015 17:55,946,SO4,33,249,mg/L,+/- 13.6,,SM4110B,10,,,,50636002,5060074,946
P77338-2,50636002,BW-P-3,PW,G,SAMP,SGPC,3/18/2015 11:33,,,,,,,,4/2/2015 11:22,4/1/2015 11:00,602,TDN,,7.12,mg/L,+/- 0.606,,SM4500NC,0.1,,,,50636002,5060078,602
P77338-11,50636011,BW-P-15,PW,G,SAMP,SGPC,3/18/2015 11:50,,,,,,,,3/27/2015 19:49,3/27/2015 19:49,410,ALKA,67,209,mg/L,+/- 23,,SM2320B,1,,,,50636011,5060143,410
P77338-11,50636011,BW-P-15,PW,G,SAMP,SGPC,3/18/2015 11:50,,,,,,,,3/30/2015 20:46,3/30/2015 20:46,941,CL,32,7178,mg/L,+/- 352,,SM4110B,20,,,,50636011,5060137,941
P77338-11,50636011,BW-P-15,PW,G,SAMP,SGPC,3/18/2015 11:50,,,,,,,,3/27/2015 10:57,3/27/2015 10:57,681,DOC,89,99.6,mg/L,+/- 7.3,,SM5310B,1.6,,,,50636011,5060138,681
P77338-11,50636011,BW-P-15,PW,G,SAMP,SGPC,3/18/2015 11:50,,,,,,,,3/27/2015 19:49,3/27/2015 19:49,403,LPH,15,7.97,pH Units,+/- 0.13,,SM4500H+B,0.1,,,Q,50636011,5060142,403
P77338-11,50636011,BW-P-15,PW,G,SAMP,SGPC,3/18/2015 11:50,,,,,,,,4/9/2015 17:05,4/9/2015 17:05,608,NH4,20,1.234,mg/L,+/- 0.064,,SM4500NH3H,0.005,,,,50636011,5060139,608
P77338-11,50636011,BW-P-15,PW,G,SAMP,SGPC,3/18/2015 11:50,,,,,,,,3/30/2015 20:46,3/30/2015 20:46,946,SO4,33,815,mg/L,+/- 36.2,,SM4110B,20,,,,50636011,5060137,946
P77338-11,50636011,BW-P-15,PW,G,SAMP,SGPC,3/18/2015 11:50,,,,,,,,4/2/2015 11:26,4/1/2015 11:00,602,TDN,,4.3,mg/L,+/- 0.375,,SM4500NC,0.1,,,,50636011,5060141,602
P77338-1,50636001,BW-P-1,PW,G,SAMP,SGPC,3/18/2015 12:04,,,,,,,,3/27/2015 17:51,3/27/2015 17:51,410,ALKA,67,317,mg/L,+/- 35,,SM2320B,1,,,,50636001,5060073,410
P77338-1,50636001,BW-P-1,PW,G,SAMP,SGPC,3/18/2015 12:04,,,,,,,,3/30/2015 17:44,3/30/2015 17:44,941,CL,32,3126,mg/L,+/- 154,,SM4110B,10,,,,50636001,5060067,941
P77338-1,50636001,BW-P-1,PW,G,SAMP,SGPC,3/18/2015 12:04,,,,,,,,3/27/2015 10:57,3/27/2015 10:57,681,DOC,89,93.2,mg/L,+/- 6.9,,SM5310B,1.6,,,,50636001,5060068,681
P77338-1,50636001,BW-P-1,PW,G,SAMP,SGPC,3/18/2015 12:04,,,,,,,,3/27/2015 17:51,3/27/2015 17:51,403,LPH,15,7.91,pH Units,+/- 0.13,,SM4500H+B,0.1,,,Q,50636001,5060072,403
P77338-1,50636001,BW-P-1,PW,G,SAMP,SGPC,3/18/2015 12:04,,,,,,,,4/6/2015 16:34,4/6/2015 16:34,608,NH4,20,1.285,mg/L,+/- 0.067,,SM4500NH3H,0.005,,,,50636001,5060069,608
P77338-1,50636001,BW-P-1,PW,G,SAMP,SGPC,3/18/2015 12:04,,,,,,,,3/30/2015 17:44,3/30/2015 17:44,946,SO4,33,232,mg/L,+/- 13.2,,SM4110B,10,,,,50636001,5060067,946
P77338-1,50636001,BW-P-1,PW,G,SAMP,SGPC,3/18/2015 12:04,,,,,,,,4/2/2015 11:06,4/1/2015 11:00,602,TDN,,4.05,mg/L,+/- 0.354,,SM4500NC,0.1,,,,50636001,5060071,602
P77338-12,50636012,BW-P-16,PW,G,SAMP,SGPC,3/18/2015 12:14,,,,,,,,3/27/2015 19:59,3/27/2015 19:59,410,ALKA,67,267,mg/L,+/- 30,,SM2320B,1,,,,50636012,5060150,410
P77338-12,50636012,BW-P-16,PW,G,SAMP,SGPC,3/18/2015 12:14,,,,,,,,3/30/2015 20:57,3/30/2015 20:57,941,CL,32,9471,mg/L,+/- 464,,SM4110B,20,,,,50636012,5060144,941
P77338-12,50636012,BW-P-16,PW,G,SAMP,SGPC,3/18/2015 12:14,,,,,,,,3/27/2015 10:57,3/27/2015 10:57,681,DOC,89,80.6,mg/L,+/- 6.0,,SM5310B,1.6,,,,50636012,5060145,681
P77338-12,50636012,BW-P-16,PW,G,SAMP,SGPC,3/18/2015 12:14,,,,,,,,3/27/2015 19:59,3/27/2015 19:59,403,LPH,15,7.98,pH Units,+/- 0.13,,SM4500H+B,0.1,,,Q,50636012,5060149,403
P77338-12,50636012,BW-P-16,PW,G,SAMP,SGPC,3/18/2015 12:14,,,,,,,,4/9/2015 17:06,4/9/2015 17:06,608,NH4,20,1.681,mg/L,+/- 0.088,,SM4500NH3H,0.005,,,,50636012,5060146,608
P77338-12,50636012,BW-P-16,PW,G,SAMP,SGPC,3/18/2015 12:14,,,,,,,,3/30/2015 20:57,3/30/2015 20:57,946,SO4,33,1093,mg/L,+/- 45.1,,SM4110B,20,,,,50636012,5060144,946
P77338-12,50636012,BW-P-16,PW,G,SAMP,SGPC,3/18/2015 12:14,,,,,,,,4/3/2015 9:12,4/1/2015 15:55,602,TDN,,3.81,mg/L,+/- 0.335,,SM4500NC,0.1,,,,50636012,5060148,602
P77338-3,50636003,BW-P-5,PW,G,SAMP,SGPC,3/18/2015 12:27,,,,,,,,3/27/2015 18:26,3/27/2015 18:26,410,ALKA,67,447,mg/L,+/- 50,,SM2320B,1,,,,50636003,5060087,410
P77338-3,50636003,BW-P-5,PW,G,SAMP,SGPC,3/18/2015 12:27,,,,,,,,3/30/2015 18:06,3/30/2015 18:06,941,CL,32,3957,mg/L,+/- 194,,SM4110B,10,,,,50636003,5060081,941
P77338-3,50636003,BW-P-5,PW,G,SAMP,SGPC,3/18/2015 12:27,,,,,,,,3/27/2015 10:57,3/27/2015 10:57,681,DOC,89,112,mg/L,+/- 8.2,,SM5310B,1.6,,,,50636003,5060082,681
P77338-3,50636003,BW-P-5,PW,G,SAMP,SGPC,3/18/2015 12:27,,,,,,,,3/27/2015 18:26,3/27/2015 18:26,403,LPH,15,8.05,pH Units,+/- 0.13,,SM4500H+B,0.1,,,Q,50636003,5060086,403
P77338-3,50636003,BW-P-5,PW,G,SAMP,SGPC,3/18/2015 12:27,,,,,,,,4/6/2015 16:37,4/6/2015 16:37,608,NH4,20,3.847,mg/L,+/- 0.200,,SM4500NH3H,0.005,,,,50636003,5060083,608
P77338-3,50636003,BW-P-5,PW,G,SAMP,SGPC,3/18/2015 12:27,,,,,,,,3/30/2015 18:06,3/30/2015 18:06,946,SO4,33,209,mg/L,+/- 12.6,,SM4110B,10,,,,50636003,5060081,946
P77338-3,50636003,BW-P-5,PW,G,SAMP,SGPC,3/18/2015 12:27,,,,,,,,4/2/2015 11:15,4/1/2015 11:00,602,TDN,,6.57,mg/L,+/- 0.561,,SM4500NC,0.1,,,,50636003,5060085,602
P77338-9,50636009,BW-P-13,PW,G,SAMP,SGPC,3/18/2015 12:39,,,,,,,,3/27/2015 19:29,3/27/2015 19:29,410,ALKA,67,228,mg/L,+/- 25,,SM2320B,1,,,,50636009,5060129,410
P77338-9,50636009,BW-P-13,PW,G,SAMP,SGPC,3/18/2015 12:39,,,,,,,,3/30/2015 20:23,3/30/2015 20:23,941,CL,32,8917,mg/L,+/- 437,,SM4110B,20,,,,50636009,5060123,941
P77338-9,50636009,BW-P-13,PW,G,SAMP,SGPC,3/18/2015 12:39,,,,,,,,3/27/2015 10:57,3/27/2015 10:57,681,DOC,89,85,mg/L,+/- 6.3,,SM5310B,1.6,,,,50636009,5060124,681
P77338-9,50636009,BW-P-13,PW,G,SAMP,SGPC,3/18/2015 12:39,,,,,,,,3/27/2015 19:29,3/27/2015 19:29,403,LPH,15,7.9,pH Units,+/- 0.13,,SM4500H+B,0.1,,,Q,50636009,5060128,403
P77338-9,50636009,BW-P-13,PW,G,SAMP,SGPC,3/18/2015 12:39,,,,,,,,4/9/2015 17:02,4/9/2015 17:02,608,NH4,20,1.29,mg/L,+/- 0.067,,SM4500NH3H,0.005,,,,50636009,5060125,608
P77338-9,50636009,BW-P-13,PW,G,SAMP,SGPC,3/18/2015 12:39,,,,,,,,3/30/2015 20:23,3/30/2015 20:23,946,SO4,33,991,mg/L,+/- 41.8,,SM4110B,20,,,,50636009,5060123,946
P77338-9,50636009,BW-P-13,PW,G,SAMP,SGPC,3/18/2015 12:39,,,,,,,,4/2/2015 11:23,4/1/2015 11:00,602,TDN,,3.57,mg/L,+/- 0.316,,SM4500NC,0.1,,,,50636009,5060127,602
P77338-6,50636006,BW-P-9,PW,G,SAMP,SGPC,3/18/2015 12:50,,,,,,,,3/27/2015 18:58,3/27/2015 18:58,410,ALKA,67,324,mg/L,+/- 36,,SM2320B,1,,,,50636006,5060108,410
P77338-6,50636006,BW-P-9,PW,G,SAMP,SGPC,3/18/2015 12:50,,,,,,,,3/30/2015 19:49,3/30/2015 19:49,941,CL,32,3984,mg/L,+/- 196,,SM4110B,20,,,,50636006,5060102,941
P77338-6,50636006,BW-P-9,PW,G,SAMP,SGPC,3/18/2015 12:50,,,,,,,,3/27/2015 10:57,3/27/2015 10:57,681,DOC,89,94.3,mg/L,+/- 7.0,,SM5310B,1.6,,,,50636006,5060103,681
P77338-6,50636006,BW-P-9,PW,G,SAMP,SGPC,3/18/2015 12:50,,,,,,,,3/27/2015 18:58,3/27/2015 18:58,403,LPH,15,8.02,pH Units,+/- 0.13,,SM4500H+B,0.1,,,Q,50636006,5060107,403
P77338-6,50636006,BW-P-9,PW,G,SAMP,SGPC,3/18/2015 12:50,,,,,,,,4/9/2015 16:58,4/9/2015 16:58,608,NH4,20,2.423,mg/L,+/- 0.126,,SM4500NH3H,0.005,,,,50636006,5060104,608
P77338-6,50636006,BW-P-9,PW,G,SAMP,SGPC,3/18/2015 12:50,,,,,,,,3/30/2015 19:49,3/30/2015 19:49,946,SO4,33,303,mg/L,+/- 22.9,,SM4110B,20,,,,50636006,5060102,946
P77338-6,50636006,BW-P-9,PW,G,SAMP,SGPC,3/18/2015 12:50,,,,,,,,4/2/2015 11:19,4/1/2015 11:00,602,TDN,,5.47,mg/L,+/- 0.470,,SM4500NC,0.1,,,,50636006,5060106,602
P77338-10,50636010,BW-P-14,PW,G,SAMP,SGPC,3/18/2015 13:10,,,,,,,,3/27/2015 19:39,3/27/2015 19:39,410,ALKA,67,320,mg/L,+/- 36,,SM2320B,1,,,,50636010,5060136,410
P77338-10,50636010,BW-P-14,PW,G,SAMP,SGPC,3/18/2015 13:10,,,,,,,,3/30/2015 20:35,3/30/2015 20:35,941,CL,32,9590,mg/L,+/- 470,,SM4110B,20,,,,50636010,5060130,941
P77338-10,50636010,BW-P-14,PW,G,SAMP,SGPC,3/18/2015 13:10,,,,,,,,3/27/2015 10:57,3/27/2015 10:57,681,DOC,89,86.8,mg/L,+/- 6.4,,SM5310B,1.6,,,,50636010,5060131,681
P77338-10,50636010,BW-P-14,PW,G,SAMP,SGPC,3/18/2015 13:10,,,,,,,,3/27/2015 19:39,3/27/2015 19:39,403,LPH,15,7.96,pH Units,+/- 0.13,,SM4500H+B,0.1,,,Q,50636010,5060135,403
P77338-10,50636010,BW-P-14,PW,G,SAMP,SGPC,3/18/2015 13:10,,,,,,,,4/9/2015 17:03,4/9/2015 17:03,608,NH4,20,2.136,mg/L,+/- 0.111,,SM4500NH3H,0.005,,,,50636010,5060132,608
P77338-10,50636010,BW-P-14,PW,G,SAMP,SGPC,3/18/2015 13:10,,,,,,,,3/30/2015 20:35,3/30/2015 20:35,946,SO4,33,1041,mg/L,+/- 43.4,,SM4110B,20,,,,50636010,5060130,946
P77338-10,50636010,BW-P-14,PW,G,SAMP,SGPC,3/18/2015 13:10,,,,,,,,4/2/2015 11:25,4/1/2015 11:00,602,TDN,,4.15,mg/L,+/- 0.363,,SM4500NC,0.1,,,,50636010,5060134,602
P77338-4,50636004,BW-P-7,PW,G,SAMP,SGPC,3/18/2015 13:21,,,,,,,,3/27/2015 18:37,3/27/2015 18:37,410,ALKA,67,333,mg/L,+/- 37,,SM2320B,1,,,,50636004,5060094,410
P77338-4,50636004,BW-P-7,PW,G,SAMP,SGPC,3/18/2015 13:21,,,,,,,,3/30/2015 19:26,3/30/2015 19:26,941,CL,32,5511,mg/L,+/- 270,,SM4110B,10,,,,50636004,5060088,941
P77338-4,50636004,BW-P-7,PW,G,SAMP,SGPC,3/18/2015 13:21,,,,,,,,3/27/2015 10:57,3/27/2015 10:57,681,DOC,89,96,mg/L,+/- 7.1,,SM5310B,1.6,,,,50636004,5060089,681
P77338-4,50636004,BW-P-7,PW,G,SAMP,SGPC,3/18/2015 13:21,,,,,,,,3/27/2015 18:37,3/27/2015 18:37,403,LPH,15,7.97,pH Units,+/- 0.13,,SM4500H+B,0.1,,,Q,50636004,5060093,403
P77338-4,50636004,BW-P-7,PW,G,SAMP,SGPC,3/18/2015 13:21,,,,,,,,4/6/2015 16:38,4/6/2015 16:38,608,NH4,20,2.563,mg/L,+/- 0.133,,SM4500NH3H,0.005,,,,50636004,5060090,608
P77338-4,50636004,BW-P-7,PW,G,SAMP,SGPC,3/18/2015 13:21,,,,,,,,3/30/2015 19:26,3/30/2015 19:26,946,SO4,33,412,mg/L,+/- 18.2,,SM4110B,10,,,,50636004,5060088,946
P77338-4,50636004,BW-P-7,PW,G,SAMP,SGPC,3/18/2015 13:21,,,,,,,,4/2/2015 11:16,4/1/2015 11:00,602,TDN,,5.32,mg/L,+/- 0.458,,SM4500NC,0.1,,,,50636004,5060092,602
P77338-7,50636007,BW-P-11,PW,G,SAMP,SGPC,3/18/2015 13:34,,,,,,,,3/27/2015 19:08,3/27/2015 19:08,410,ALKA,67,206,mg/L,+/- 23,,SM2320B,1,,,,50636007,5060115,410
P77338-7,50636007,BW-P-11,PW,G,SAMP,SGPC,3/18/2015 13:34,,,,,,,,3/30/2015 20:00,3/30/2015 20:00,941,CL,32,8158,mg/L,+/- 400,,SM4110B,20,,,,50636007,5060109,941
P77338-7,50636007,BW-P-11,PW,G,SAMP,SGPC,3/18/2015 13:34,,,,,,,,3/27/2015 10:57,3/27/2015 10:57,681,DOC,89,89.1,mg/L,+/- 6.6,,SM5310B,1.6,,,,50636007,5060110,681
P77338-7,50636007,BW-P-11,PW,G,SAMP,SGPC,3/18/2015 13:34,,,,,,,,3/27/2015 19:08,3/27/2015 19:08,403,LPH,15,7.87,pH Units,+/- 0.13,,SM4500H+B,0.1,,,Q,50636007,5060114,403
P77338-7,50636007,BW-P-11,PW,G,SAMP,SGPC,3/18/2015 13:34,,,,,,,,4/9/2015 16:59,4/9/2015 16:59,608,NH4,20,0.962,mg/L,+/- 0.050,,SM4500NH3H,0.005,,,,50636007,5060111,608
P77338-7,50636007,BW-P-11,PW,G,SAMP,SGPC,3/18/2015 13:34,,,,,,,,3/30/2015 20:00,3/30/2015 20:00,946,SO4,33,894,mg/L,+/- 38.6,,SM4110B,20,,,,50636007,5060109,946
P77338-7,50636007,BW-P-11,PW,G,SAMP,SGPC,3/18/2015 13:34,,,,,,,,4/2/2015 11:20,4/1/2015 11:00,602,TDN,,3.28,mg/L,+/- 0.293,,SM4500NC,0.1,,,,50636007,5060113,602
P77338-8,50636008,BW-P-12,PW,G,SAMP,SGPC,3/18/2015 13:46,,,,,,,,3/27/2015 19:18,3/27/2015 19:18,410,ALKA,67,262,mg/L,+/- 29,,SM2320B,1,,,,50636008,5060122,410
P77338-8,50636008,BW-P-12,PW,G,SAMP,SGPC,3/18/2015 13:46,,,,,,,,3/30/2015 20:12,3/30/2015 20:12,941,CL,32,10067,mg/L,+/- 494,,SM4110B,20,,,,50636008,5060116,941
P77338-8,50636008,BW-P-12,PW,G,SAMP,SGPC,3/18/2015 13:46,,,,,,,,3/27/2015 10:57,3/27/2015 10:57,681,DOC,89,78,mg/L,+/- 5.8,,SM5310B,1.6,,,,50636008,5060117,681
P77338-8,50636008,BW-P-12,PW,G,SAMP,SGPC,3/18/2015 13:46,,,,,,,,3/27/2015 19:18,3/27/2015 19:18,403,LPH,15,7.92,pH Units,+/- 0.13,,SM4500H+B,0.1,,,Q,50636008,5060121,403
P77338-8,50636008,BW-P-12,PW,G,SAMP,SGPC,3/18/2015 13:46,,,,,,,,4/9/2015 17:00,4/9/2015 17:00,608,NH4,20,1.739,mg/L,+/- 0.090,,SM4500NH3H,0.005,,,,50636008,5060118,608
P77338-8,50636008,BW-P-12,PW,G,SAMP,SGPC,3/18/2015 13:46,,,,,,,,3/30/2015 20:12,3/30/2015 20:12,946,SO4,33,1186,mg/L,+/- 48.2,,SM4110B,20,,,,50636008,5060116,946
P77338-8,50636008,BW-P-12,PW,G,SAMP,SGPC,3/18/2015 13:46,,,,,,,,4/2/2015 11:13,4/1/2015 11:00,602,TDN,,3.88,mg/L,+/- 0.341,,SM4500NC,0.1,,,,50636008,5060120,602
P77338-5,50636005,BW-P-8,PW,G,SAMP,SGPC,3/18/2015 14:00,,,,,,,,3/27/2015 18:48,3/27/2015 18:48,410,ALKA,67,521,mg/L,+/- 58,,SM2320B,1,,,,50636005,5060101,410
P77338-5,50636005,BW-P-8,PW,G,SAMP,SGPC,3/18/2015 14:00,,,,,,,,3/30/2015 19:38,3/30/2015 19:38,941,CL,32,4469,mg/L,+/- 219,,SM4110B,10,,,,50636005,5060095,941
P77338-5,50636005,BW-P-8,PW,G,SAMP,SGPC,3/18/2015 14:00,,,,,,,,3/27/2015 10:57,3/27/2015 10:57,681,DOC,89,121,mg/L,+/- 8.8,,SM5310B,1.6,,,,50636005,5060096,681
P77338-5,50636005,BW-P-8,PW,G,SAMP,SGPC,3/18/2015 14:00,,,,,,,,3/27/2015 18:48,3/27/2015 18:48,403,LPH,15,8.08,pH Units,+/- 0.13,,SM4500H+B,0.1,,,Q,50636005,5060100,403
P77338-5,50636005,BW-P-8,PW,G,SAMP,SGPC,3/18/2015 14:00,,,,,,,,4/9/2015 16:56,4/9/2015 16:56,608,NH4,20,4.501,mg/L,+/- 0.234,,SM4500NH3H,0.005,,,,50636005,5060097,608
P77338-5,50636005,BW-P-8,PW,G,SAMP,SGPC,3/18/2015 14:00,,,,,,,,3/30/2015 19:38,3/30/2015 19:38,946,SO4,33,245,mg/L,+/- 13.5,,SM4110B,10,,,,50636005,5060095,946
P77338-5,50636005,BW-P-8,PW,G,SAMP,SGPC,3/18/2015 14:00,,,,,,,,4/2/2015 11:18,4/1/2015 11:00,602,TDN,,7.3,mg/L,+/- 0.621,,SM4500NC,0.1,,,,50636005,5060099,602
P77337-15,50635015,FW-P-2,DI,G,EB,SGPC,3/18/2015 8:00,,,,,,,,3/27/2015 17:37,3/27/2015 17:37,410,ALKA,67,1,mg/L,+/- 1.0,U,SM2320B,1,,,,50635015,5060283,410
P77337-15,50635015,FW-P-2,DI,G,EB,SGPC,3/18/2015 8:00,,,,,,,,3/31/2015 9:19,3/31/2015 9:19,941,CL,32,0.1,mg/L,+/- 0.1,U,SM4110B,0.1,,,,50635015,5067929,941
P77337-15,50635015,FW-P-2,DI,G,EB,SGPC,3/18/2015 8:00,,,,,,,,3/27/2015 10:57,3/27/2015 10:57,681,DOC,89,5.3,mg/L,+/- 0.89,,SM5310B,0.8,,,G,50635015,5060278,681
P77337-15,50635015,FW-P-2,DI,G,EB,SGPC,3/18/2015 8:00,,,,,,,,3/27/2015 17:37,3/27/2015 17:37,403,LPH,15,5.29,pH Units,+/- 0.11,,SM4500H+B,0.1,,,Q,50635015,5060282,403
P77337-15,50635015,FW-P-2,DI,G,EB,SGPC,3/18/2015 8:00,,,,,,,,4/6/2015 16:31,4/6/2015 16:31,608,NH4,20,0.02,mg/L,+/- 0.005,,SM4500NH3H,0.005,,,G,50635015,5060279,608
P77337-15,50635015,FW-P-2,DI,G,EB,SGPC,3/18/2015 8:00,,,,,,,,3/31/2015 9:19,3/31/2015 9:19,946,SO4,33,0.1,mg/L,+/- 0.1,U,SM4110B,0.1,,,,50635015,5067929,946
P77337-15,50635015,FW-P-2,DI,G,EB,SGPC,3/18/2015 8:00,,,,,,,,4/3/2015 9:38,4/1/2015 15:55,602,TDN,,0.033,mg/L,+/- 0.020,I,SM4500NC,0.02,,,G,50635015,5060281,602
P77337-16,50635016,FW-P-2,DI,G,FB,SGPC,3/18/2015 8:05,,,,,,,,3/27/2015 17:44,3/27/2015 17:44,410,ALKA,67,1,mg/L,+/- 1.0,U,SM2320B,1,,,,50635016,5060290,410
P77337-16,50635016,FW-P-2,DI,G,FB,SGPC,3/18/2015 8:05,,,,,,,,3/30/2015 17:32,3/30/2015 17:32,941,CL,32,0.1,mg/L,+/- 0.1,U,SM4110B,0.1,,,,50635016,5060284,941
P77337-16,50635016,FW-P-2,DI,G,FB,SGPC,3/18/2015 8:05,,,,,,,,3/27/2015 10:57,3/27/2015 10:57,681,DOC,89,0.84,mg/L,+/- 0.80,I,SM5310B,0.8,,,G,50635016,5060285,681
P77337-16,50635016,FW-P-2,DI,G,FB,SGPC,3/18/2015 8:05,,,,,,,,3/27/2015 17:44,3/27/2015 17:44,403,LPH,15,5.02,pH Units,+/- 0.11,,SM4500H+B,0.1,,,Q,50635016,5060289,403
P77337-16,50635016,FW-P-2,DI,G,FB,SGPC,3/18/2015 8:05,,,,,,,,4/6/2015 16:33,4/6/2015 16:33,608,NH4,20,0.005,mg/L,+/- 0.005,U,SM4500NH3H,0.005,,,,50635016,5060286,608
P77337-16,50635016,FW-P-2,DI,G,FB,SGPC,3/18/2015 8:05,,,,,,,,3/30/2015 17:32,3/30/2015 17:32,946,SO4,33,0.1,mg/L,+/- 0.1,U,SM4110B,0.1,,,,50635016,5060284,946
P77337-16,50635016,FW-P-2,DI,G,FB,SGPC,3/18/2015 8:05,,,,,,,,4/3/2015 9:48,4/1/2015 15:55,602,TDN,,0.02,mg/L,+/- 0.020,U,SM4500NC,0.02,,,,50635016,5060288,602
P77337-13,50635013,S-199,SW,G,SAMP,SGPC,3/18/2015 9:30,,,,,,,,3/27/2015 17:10,3/27/2015 17:10,410,ALKA,67,208,mg/L,+/- 23,,SM2320B,1,,,,50635013,5060269,410
P77337-13,50635013,S-199,SW,G,SAMP,SGPC,3/18/2015 9:30,,,,,,,,3/30/2015 16:58,3/30/2015 16:58,941,CL,32,64.5,mg/L,+/- 3.2,,SM4110B,0.1,,,,50635013,5060263,941
P77337-13,50635013,S-199,SW,G,SAMP,SGPC,3/18/2015 9:30,,,,,,,,3/27/2015 10:57,3/27/2015 10:57,681,DOC,89,15.4,mg/L,+/- 1.9,,SM5310B,1.6,,,,50635013,5060264,681
P77337-13,50635013,S-199,SW,G,SAMP,SGPC,3/18/2015 9:30,,,,,,,,3/27/2015 17:10,3/27/2015 17:10,403,LPH,15,8.13,pH Units,+/- 0.13,,SM4500H+B,0.1,,,Q,50635013,5060268,403
P77337-13,50635013,S-199,SW,G,SAMP,SGPC,3/18/2015 9:30,,,,,,,,4/6/2015 16:29,4/6/2015 16:29,608,NH4,20,0.105,mg/L,+/- 0.007,,SM4500NH3H,0.005,,,,50635013,5060265,608
P77337-13,50635013,S-199,SW,G,SAMP,SGPC,3/18/2015 9:30,,,,,,,,3/30/2015 16:58,3/30/2015 16:58,946,SO4,33,4.8,mg/L,+/- 0.2,,SM4110B,0.1,,,,50635013,5060263,946
P77337-13,50635013,S-199,SW,G,SAMP,SGPC,3/18/2015 9:30,,,,,,,,4/3/2015 9:35,4/1/2015 15:55,602,TDN,,0.875,mg/L,+/- 0.076,,SM4500NC,0.02,,,,50635013,5060267,602
P77337-14,50635014,S-199,SW,G,FD,SGPC,3/18/2015 9:31,,,,,,,,3/27/2015 17:24,3/27/2015 17:24,410,ALKA,67,208,mg/L,+/- 23,,SM2320B,1,,,,50635014,5060276,410
P77337-14,50635014,S-199,SW,G,FD,SGPC,3/18/2015 9:31,,,,,,,,3/30/2015 17:09,3/30/2015 17:09,941,CL,32,64.4,mg/L,+/- 3.2,,SM4110B,0.1,,,,50635014,5060270,941
P77337-14,50635014,S-199,SW,G,FD,SGPC,3/18/2015 9:31,,,,,,,,3/27/2015 10:57,3/27/2015 10:57,681,DOC,89,13.7,mg/L,+/- 1.9,,SM5310B,1.6,,,,50635014,5060271,681
P77337-14,50635014,S-199,SW,G,FD,SGPC,3/18/2015 9:31,,,,,,,,3/27/2015 17:24,3/27/2015 17:24,403,LPH,15,8.04,pH Units,+/- 0.13,,SM4500H+B,0.1,,,Q,50635014,5060275,403
P77337-14,50635014,S-199,SW,G,FD,SGPC,3/18/2015 9:31,,,,,,,,4/6/2015 16:30,4/6/2015 16:30,608,NH4,20,0.047,mg/L,+/- 0.006,,SM4500NH3H,0.005,,,,50635014,5060272,608
P77337-14,50635014,S-199,SW,G,FD,SGPC,3/18/2015 9:31,,,,,,,,3/30/2015 17:09,3/30/2015 17:09,946,SO4,33,5,mg/L,+/- 0.2,,SM4110B,0.1,,,,50635014,5060270,946
P77337-14,50635014,S-199,SW,G,FD,SGPC,3/18/2015 9:31,,,,,,,,4/3/2015 9:37,4/1/2015 15:55,602,TDN,,0.819,mg/L,+/- 0.072,,SM4500NC,0.02,,,,50635014,5060274,602
P77337-1,50635001,FW-P-2,PW,G,SAMP,SGPC,3/19/2015 11:05,,,,,,,,3/27/2015 14:07,3/27/2015 14:07,410,ALKA,67,202,mg/L,+/- 22,,SM2320B,1,,,,50635001,5060185,410
P77337-1,50635001,FW-P-2,PW,G,SAMP,SGPC,3/19/2015 11:05,,,,,,,,3/30/2015 14:30,3/30/2015 14:30,941,CL,32,84.4,mg/L,+/- 4.1,,SM4110B,0.1,,,,50635001,5060179,941
P77337-1,50635001,FW-P-2,PW,G,SAMP,SGPC,3/19/2015 11:05,,,,,,,,3/27/2015 10:57,3/27/2015 10:57,681,DOC,89,15.1,mg/L,+/- 1.9,,SM5310B,1.6,,,,50635001,5060180,681
P77337-1,50635001,FW-P-2,PW,G,SAMP,SGPC,3/19/2015 11:05,,,,,,,,3/27/2015 14:07,3/27/2015 14:07,403,LPH,15,7.29,pH Units,+/- 0.12,,SM4500H+B,0.1,,,Q,50635001,5060184,403
P77337-1,50635001,FW-P-2,PW,G,SAMP,SGPC,3/19/2015 11:05,,,,,,,,4/6/2015 16:23,4/6/2015 16:23,608,NH4,20,0.064,mg/L,+/- 0.006,,SM4500NH3H,0.005,,,,50635001,5060181,608
P77337-1,50635001,FW-P-2,PW,G,SAMP,SGPC,3/19/2015 11:05,,,,,,,,3/30/2015 14:30,3/30/2015 14:30,946,SO4,33,0.1,mg/L,+/- 0.1,U,SM4110B,0.1,,,,50635001,5060179,946
P77337-1,50635001,FW-P-2,PW,G,SAMP,SGPC,3/19/2015 11:05,,,,,,,,4/3/2015 9:18,4/1/2015 15:55,602,TDN,,0.529,mg/L,+/- 0.109,,SM4500NC,0.1,,,,50635001,5060183,602
P77337-2,50635002,FW-P-3,PW,G,SAMP,SGPC,3/19/2015 11:18,,,,,,,,3/27/2015 14:20,3/27/2015 14:20,410,ALKA,67,206,mg/L,+/- 23,,SM2320B,1,,,,50635002,5060192,410
P77337-2,50635002,FW-P-3,PW,G,SAMP,SGPC,3/19/2015 11:18,,,,,,,,3/30/2015 14:41,3/30/2015 14:41,941,CL,32,81.9,mg/L,+/- 4.0,,SM4110B,0.1,,,,50635002,5060186,941
P77337-2,50635002,FW-P-3,PW,G,SAMP,SGPC,3/19/2015 11:18,,,,,,,,3/27/2015 10:57,3/27/2015 10:57,681,DOC,89,14.4,mg/L,+/- 1.9,,SM5310B,1.6,,,,50635002,5060187,681
P77337-2,50635002,FW-P-3,PW,G,SAMP,SGPC,3/19/2015 11:18,,,,,,,,3/27/2015 14:20,3/27/2015 14:20,403,LPH,15,7.18,pH Units,+/- 0.12,,SM4500H+B,0.1,,,Q,50635002,5060191,403
P77337-2,50635002,FW-P-3,PW,G,SAMP,SGPC,3/19/2015 11:18,,,,,,,,4/6/2015 16:13,4/6/2015 16:13,608,NH4,20,0.499,mg/L,+/- 0.026,,SM4500NH3H,0.005,,,,50635002,5060188,608
P77337-2,50635002,FW-P-3,PW,G,SAMP,SGPC,3/19/2015 11:18,,,,,,,,3/30/2015 14:41,3/30/2015 14:41,946,SO4,33,0.8,mg/L,+/- 0.1,,SM4110B,0.1,,,,50635002,5060186,946
P77337-2,50635002,FW-P-3,PW,G,SAMP,SGPC,3/19/2015 11:18,,,,,,,,4/3/2015 9:19,4/1/2015 15:55,602,TDN,,1.01,mg/L,+/- 0.131,,SM4500NC,0.1,,,,50635002,5060190,602
P77337-3,50635003,FW-P-6,PW,G,SAMP,SGPC,3/19/2015 11:31,,,,,,,,3/27/2015 14:32,3/27/2015 14:32,410,ALKA,67,207,mg/L,+/- 23,,SM2320B,1,,,,50635003,5060199,410
P77337-3,50635003,FW-P-6,PW,G,SAMP,SGPC,3/19/2015 11:31,,,,,,,,3/30/2015 14:53,3/30/2015 14:53,941,CL,32,85.4,mg/L,+/- 4.2,,SM4110B,0.1,,,,50635003,5060193,941
P77337-3,50635003,FW-P-6,PW,G,SAMP,SGPC,3/19/2015 11:31,,,,,,,,3/27/2015 10:57,3/27/2015 10:57,681,DOC,89,14.8,mg/L,+/- 1.9,,SM5310B,1.6,,,,50635003,5060194,681
P77337-3,50635003,FW-P-6,PW,G,SAMP,SGPC,3/19/2015 11:31,,,,,,,,3/27/2015 14:32,3/27/2015 14:32,403,LPH,15,7.52,pH Units,+/- 0.12,,SM4500H+B,0.1,,,Q,50635003,5060198,403
P77337-3,50635003,FW-P-6,PW,G,SAMP,SGPC,3/19/2015 11:31,,,,,,,,4/6/2015 16:15,4/6/2015 16:15,608,NH4,20,0.289,mg/L,+/- 0.016,,SM4500NH3H,0.005,,,,50635003,5060195,608
P77337-3,50635003,FW-P-6,PW,G,SAMP,SGPC,3/19/2015 11:31,,,,,,,,3/30/2015 14:53,3/30/2015 14:53,946,SO4,33,0.4,mg/L,+/- 0.1,,SM4110B,0.1,,,,50635003,5060193,946
P77337-3,50635003,FW-P-6,PW,G,SAMP,SGPC,3/19/2015 11:31,,,,,,,,4/3/2015 9:21,4/1/2015 15:55,602,TDN,,0.781,mg/L,+/- 0.120,,SM4500NC,0.1,,,,50635003,5060197,602
P77337-4,50635004,FW-P-8,PW,G,SAMP,SGPC,3/19/2015 11:44,,,,,,,,3/27/2015 14:44,3/27/2015 14:44,410,ALKA,67,213,mg/L,+/- 24,,SM2320B,1,,,,50635004,5060206,410
P77337-4,50635004,FW-P-8,PW,G,SAMP,SGPC,3/19/2015 11:44,,,,,,,,3/30/2015 15:04,3/30/2015 15:04,941,CL,32,81.3,mg/L,+/- 4.0,,SM4110B,0.1,,,,50635004,5060200,941
P77337-4,50635004,FW-P-8,PW,G,SAMP,SGPC,3/19/2015 11:44,,,,,,,,3/27/2015 10:57,3/27/2015 10:57,681,DOC,89,14.6,mg/L,+/- 1.9,,SM5310B,1.6,,,,50635004,5060201,681
P77337-4,50635004,FW-P-8,PW,G,SAMP,SGPC,3/19/2015 11:44,,,,,,,,3/27/2015 14:44,3/27/2015 14:44,403,LPH,15,7.45,pH Units,+/- 0.12,,SM4500H+B,0.1,,,Q,50635004,5060205,403
P77337-4,50635004,FW-P-8,PW,G,SAMP,SGPC,3/19/2015 11:44,,,,,,,,4/6/2015 16:16,4/6/2015 16:16,608,NH4,20,0.607,mg/L,+/- 0.032,,SM4500NH3H,0.005,,,,50635004,5060202,608
P77337-4,50635004,FW-P-8,PW,G,SAMP,SGPC,3/19/2015 11:44,,,,,,,,3/30/2015 15:04,3/30/2015 15:04,946,SO4,33,0.6,mg/L,+/- 0.1,,SM4110B,0.1,,,,50635004,5060200,946
P77337-4,50635004,FW-P-8,PW,G,SAMP,SGPC,3/19/2015 11:44,,,,,,,,4/3/2015 9:22,4/1/2015 15:55,602,TDN,,1.09,mg/L,+/- 0.136,,SM4500NC,0.1,,,,50635004,5060204,602
P77337-5,50635005,FW-P-9,PW,G,SAMP,SGPC,3/19/2015 11:56,,,,,,,,3/27/2015 14:55,3/27/2015 14:55,410,ALKA,67,225,mg/L,+/- 25,,SM2320B,1,,,,50635005,5060213,410
P77337-5,50635005,FW-P-9,PW,G,SAMP,SGPC,3/19/2015 11:56,,,,,,,,3/30/2015 15:15,3/30/2015 15:15,941,CL,32,78.3,mg/L,+/- 3.8,,SM4110B,0.1,,,,50635005,5060207,941
P77337-5,50635005,FW-P-9,PW,G,SAMP,SGPC,3/19/2015 11:56,,,,,,,,3/27/2015 10:57,3/27/2015 10:57,681,DOC,89,14.5,mg/L,+/- 1.9,,SM5310B,1.6,,,,50635005,5060208,681
P77337-5,50635005,FW-P-9,PW,G,SAMP,SGPC,3/19/2015 11:56,,,,,,,,3/27/2015 14:55,3/27/2015 14:55,403,LPH,15,7.2,pH Units,+/- 0.12,,SM4500H+B,0.1,,,Q,50635005,5060212,403
P77337-5,50635005,FW-P-9,PW,G,SAMP,SGPC,3/19/2015 11:56,,,,,,,,4/6/2015 16:18,4/6/2015 16:18,608,NH4,20,0.052,mg/L,+/- 0.006,,SM4500NH3H,0.005,,,,50635005,5060209,608
P77337-5,50635005,FW-P-9,PW,G,SAMP,SGPC,3/19/2015 11:56,,,,,,,,3/30/2015 15:15,3/30/2015 15:15,946,SO4,33,0.2,mg/L,+/- 0.1,I,SM4110B,0.1,,,,50635005,5060207,946
P77337-5,50635005,FW-P-9,PW,G,SAMP,SGPC,3/19/2015 11:56,,,,,,,,4/3/2015 9:24,4/1/2015 15:55,602,TDN,,0.515,mg/L,+/- 0.109,,SM4500NC,0.1,,,,50635005,5060211,602
P77337-6,50635006,FW-P-10,PW,G,SAMP,SGPC,3/19/2015 12:11,,,,,,,,3/27/2015 15:07,3/27/2015 15:07,410,ALKA,67,207,mg/L,+/- 23,,SM2320B,1,,,,50635006,5060220,410
P77337-6,50635006,FW-P-10,PW,G,SAMP,SGPC,3/19/2015 12:11,,,,,,,,3/30/2015 15:27,3/30/2015 15:27,941,CL,32,77.6,mg/L,+/- 3.8,,SM4110B,0.1,,,,50635006,5060214,941
P77337-6,50635006,FW-P-10,PW,G,SAMP,SGPC,3/19/2015 12:11,,,,,,,,3/27/2015 10:57,3/27/2015 10:57,681,DOC,89,15.7,mg/L,+/- 2.0,,SM5310B,1.6,,,,50635006,5060215,681
P77337-6,50635006,FW-P-10,PW,G,SAMP,SGPC,3/19/2015 12:11,,,,,,,,3/27/2015 15:07,3/27/2015 15:07,403,LPH,15,7.69,pH Units,+/- 0.13,,SM4500H+B,0.1,,,Q,50635006,5060219,403
P77337-6,50635006,FW-P-10,PW,G,SAMP,SGPC,3/19/2015 12:11,,,,,,,,4/6/2015 16:19,4/6/2015 16:19,608,NH4,20,0.264,mg/L,+/- 0.015,,SM4500NH3H,0.005,,,,50635006,5060216,608
P77337-6,50635006,FW-P-10,PW,G,SAMP,SGPC,3/19/2015 12:11,,,,,,,,3/30/2015 15:27,3/30/2015 15:27,946,SO4,33,0.7,mg/L,+/- 0.1,,SM4110B,0.1,,,,50635006,5060214,946
P77337-6,50635006,FW-P-10,PW,G,SAMP,SGPC,3/19/2015 12:11,,,,,,,,4/3/2015 9:25,4/1/2015 15:55,602,TDN,,0.838,mg/L,+/- 0.122,,SM4500NC,0.1,,,,50635006,5060218,602
P77337-8,50635008,FW-P-12,PW,G,SAMP,SGPC,3/19/2015 12:27,,,,,,,,3/27/2015 15:30,3/27/2015 15:30,410,ALKA,67,258,mg/L,+/- 29,,SM2320B,1,,,,50635008,5060234,410
P77337-8,50635008,FW-P-12,PW,G,SAMP,SGPC,3/19/2015 12:27,,,,,,,,3/30/2015 15:50,3/30/2015 15:50,941,CL,32,1294,mg/L,+/- 63.6,,SM4110B,5,,,,50635008,5060228,941
P77337-8,50635008,FW-P-12,PW,G,SAMP,SGPC,3/19/2015 12:27,,,,,,,,3/27/2015 10:57,3/27/2015 10:57,681,DOC,89,14.7,mg/L,+/- 1.9,,SM5310B,1.6,,,,50635008,5060229,681
P77337-8,50635008,FW-P-12,PW,G,SAMP,SGPC,3/19/2015 12:27,,,,,,,,3/27/2015 15:30,3/27/2015 15:30,403,LPH,15,7.44,pH Units,+/- 0.12,,SM4500H+B,0.1,,,Q,50635008,5060233,403
P77337-8,50635008,FW-P-12,PW,G,SAMP,SGPC,3/19/2015 12:27,,,,,,,,4/6/2015 16:22,4/6/2015 16:22,608,NH4,20,0.648,mg/L,+/- 0.034,,SM4500NH3H,0.005,,,,50635008,5060230,608
P77337-8,50635008,FW-P-12,PW,G,SAMP,SGPC,3/19/2015 12:27,,,,,,,,3/30/2015 15:50,3/30/2015 15:50,946,SO4,33,208,mg/L,+/- 9.2,,SM4110B,5,,,,50635008,5060228,946
P77337-8,50635008,FW-P-12,PW,G,SAMP,SGPC,3/19/2015 12:27,,,,,,,,4/3/2015 9:28,4/1/2015 15:55,602,TDN,,1.15,mg/L,+/- 0.139,,SM4500NC,0.1,,,,50635008,5060232,602
P77337-7,50635007,FW-P-11,PW,G,SAMP,SGPC,3/19/2015 12:40,,,,,,,,3/27/2015 15:19,3/27/2015 15:19,410,ALKA,67,200,mg/L,+/- 22,,SM2320B,1,,,,50635007,5060227,410
P77337-7,50635007,FW-P-11,PW,G,SAMP,SGPC,3/19/2015 12:40,,,,,,,,3/30/2015 15:38,3/30/2015 15:38,941,CL,32,1740,mg/L,+/- 85.4,,SM4110B,5,,,,50635007,5060221,941
P77337-7,50635007,FW-P-11,PW,G,SAMP,SGPC,3/19/2015 12:40,,,,,,,,3/27/2015 10:57,3/27/2015 10:57,681,DOC,89,30.4,mg/L,+/- 2.7,,SM5310B,1.6,,,,50635007,5060222,681
P77337-7,50635007,FW-P-11,PW,G,SAMP,SGPC,3/19/2015 12:40,,,,,,,,3/27/2015 15:19,3/27/2015 15:19,403,LPH,15,7.52,pH Units,+/- 0.12,,SM4500H+B,0.1,,,Q,50635007,5060226,403
P77337-7,50635007,FW-P-11,PW,G,SAMP,SGPC,3/19/2015 12:40,,,,,,,,4/6/2015 16:20,4/6/2015 16:20,608,NH4,20,1.17,mg/L,+/- 0.061,,SM4500NH3H,0.005,,,,50635007,5060223,608
P77337-7,50635007,FW-P-11,PW,G,SAMP,SGPC,3/19/2015 12:40,,,,,,,,3/30/2015 15:38,3/30/2015 15:38,946,SO4,33,250,mg/L,+/- 10.5,,SM4110B,5,,,,50635007,5060221,946
P77337-7,50635007,FW-P-11,PW,G,SAMP,SGPC,3/19/2015 12:40,,,,,,,,4/3/2015 9:26,4/1/2015 15:55,602,TDN,,1.66,mg/L,+/- 0.172,,SM4500NC,0.1,,,,50635007,5060225,602
P77337-10,50635010,FW-P-14,PW,G,SAMP,SGPC,3/19/2015 12:54,,,,,,,,3/27/2015 16:36,3/27/2015 16:36,410,ALKA,67,267,mg/L,+/- 30,,SM2320B,1,,,,50635010,5060248,410
P77337-10,50635010,FW-P-14,PW,G,SAMP,SGPC,3/19/2015 12:54,,,,,,,,3/30/2015 16:24,3/30/2015 16:24,941,CL,32,1579,mg/L,+/- 77.5,,SM4110B,5,,,,50635010,5060242,941
P77337-10,50635010,FW-P-14,PW,G,SAMP,SGPC,3/19/2015 12:54,,,,,,,,3/27/2015 10:57,3/27/2015 10:57,681,DOC,89,17.8,mg/L,+/- 2.0,,SM5310B,1.6,,,,50635010,5060243,681
P77337-10,50635010,FW-P-14,PW,G,SAMP,SGPC,3/19/2015 12:54,,,,,,,,3/27/2015 16:36,3/27/2015 16:36,403,LPH,15,7.54,pH Units,+/- 0.12,,SM4500H+B,0.1,,,Q,50635010,5060247,403
P77337-10,50635010,FW-P-14,PW,G,SAMP,SGPC,3/19/2015 12:54,,,,,,,,4/6/2015 16:24,4/6/2015 16:24,608,NH4,20,1.043,mg/L,+/- 0.054,,SM4500NH3H,0.005,,,,50635010,5060244,608
P77337-10,50635010,FW-P-14,PW,G,SAMP,SGPC,3/19/2015 12:54,,,,,,,,3/30/2015 16:24,3/30/2015 16:24,946,SO4,33,194,mg/L,+/- 8.7,,SM4110B,5,,,,50635010,5060242,946
P77337-10,50635010,FW-P-14,PW,G,SAMP,SGPC,3/19/2015 12:54,,,,,,,,4/3/2015 9:31,4/1/2015 15:55,602,TDN,,1.54,mg/L,+/- 0.164,,SM4500NC,0.1,,,,50635010,5060246,602
P77337-9,50635009,FW-P-13,PW,G,SAMP,SGPC,3/19/2015 13:09,,,,,,,,3/27/2015 16:26,3/27/2015 16:26,410,ALKA,67,226,mg/L,+/- 25,,SM2320B,1,,,,50635009,5060241,410
P77337-9,50635009,FW-P-13,PW,G,SAMP,SGPC,3/19/2015 13:09,,,,,,,,3/30/2015 16:01,3/30/2015 16:01,941,CL,32,1928,mg/L,+/- 94.6,,SM4110B,5,,,,50635009,5060235,941
P77337-9,50635009,FW-P-13,PW,G,SAMP,SGPC,3/19/2015 13:09,,,,,,,,3/27/2015 10:57,3/27/2015 10:57,681,DOC,89,23.8,mg/L,+/- 2.3,,SM5310B,1.6,,,,50635009,5060236,681
P77337-9,50635009,FW-P-13,PW,G,SAMP,SGPC,3/19/2015 13:09,,,,,,,,3/27/2015 16:26,3/27/2015 16:26,403,LPH,15,7.48,pH Units,+/- 0.12,,SM4500H+B,0.1,,,Q,50635009,5060240,403
P77337-9,50635009,FW-P-13,PW,G,SAMP,SGPC,3/19/2015 13:09,,,,,,,,4/6/2015 16:11,4/6/2015 16:11,608,NH4,20,0.653,mg/L,+/- 0.034,,SM4500NH3H,0.005,,,,50635009,5060237,608
P77337-9,50635009,FW-P-13,PW,G,SAMP,SGPC,3/19/2015 13:09,,,,,,,,3/30/2015 16:01,3/30/2015 16:01,946,SO4,33,256,mg/L,+/- 10.7,,SM4110B,5,,,,50635009,5060235,946
P77337-9,50635009,FW-P-13,PW,G,SAMP,SGPC,3/19/2015 13:09,,,,,,,,4/3/2015 9:29,4/1/2015 15:55,602,TDN,,1.11,mg/L,+/- 0.137,,SM4500NC,0.1,,,,50635009,5060239,602
P77337-12,50635012,FW-P-16,PW,G,SAMP,SGPC,3/19/2015 13:23,,,,,,,,3/27/2015 16:59,3/27/2015 16:59,410,ALKA,67,267,mg/L,+/- 30,,SM2320B,1,,,,50635012,5060262,410
P77337-12,50635012,FW-P-16,PW,G,SAMP,SGPC,3/19/2015 13:23,,,,,,,,3/30/2015 16:47,3/30/2015 16:47,941,CL,32,1636,mg/L,+/- 80.3,,SM4110B,5,,,,50635012,5060256,941
P77337-12,50635012,FW-P-16,PW,G,SAMP,SGPC,3/19/2015 13:23,,,,,,,,3/27/2015 10:57,3/27/2015 10:57,681,DOC,89,28.7,mg/L,+/- 2.6,,SM5310B,1.6,,,,50635012,5060257,681
P77337-12,50635012,FW-P-16,PW,G,SAMP,SGPC,3/19/2015 13:23,,,,,,,,3/27/2015 16:59,3/27/2015 16:59,403,LPH,15,7.74,pH Units,+/- 0.13,,SM4500H+B,0.1,,,Q,50635012,5060261,403
P77337-12,50635012,FW-P-16,PW,G,SAMP,SGPC,3/19/2015 13:23,,,,,,,,4/6/2015 16:27,4/6/2015 16:27,608,NH4,20,1.304,mg/L,+/- 0.068,,SM4500NH3H,0.005,,,,50635012,5060258,608
P77337-12,50635012,FW-P-16,PW,G,SAMP,SGPC,3/19/2015 13:23,,,,,,,,3/30/2015 16:47,3/30/2015 16:47,946,SO4,33,222,mg/L,+/- 9.6,,SM4110B,5,,,,50635012,5060256,946
P77337-12,50635012,FW-P-16,PW,G,SAMP,SGPC,3/19/2015 13:23,,,,,,,,4/3/2015 9:34,4/1/2015 15:55,602,TDN,,1.75,mg/L,,,SM4500NC,0.1,,,,50635012,5060260,602
P77337-11,50635011,FW-P-15,PW,G,SAMP,SGPC,3/19/2015 13:37,,,,,,,,3/27/2015 16:47,3/27/2015 16:47,410,ALKA,67,225,mg/L,+/- 25,,SM2320B,1,,,,50635011,5060255,410
P77337-11,50635011,FW-P-15,PW,G,SAMP,SGPC,3/19/2015 13:37,,,,,,,,3/30/2015 16:35,3/30/2015 16:35,941,CL,32,1192,mg/L,+/- 58.6,,SM4110B,5,,,,50635011,5060249,941
P77337-11,50635011,FW-P-15,PW,G,SAMP,SGPC,3/19/2015 13:37,,,,,,,,3/27/2015 10:57,3/27/2015 10:57,681,DOC,89,18,mg/L,+/- 2.0,,SM5310B,1.6,,,,50635011,5060250,681
P77337-11,50635011,FW-P-15,PW,G,SAMP,SGPC,3/19/2015 13:37,,,,,,,,3/27/2015 16:47,3/27/2015 16:47,403,LPH,15,7.53,pH Units,+/- 0.12,,SM4500H+B,0.1,,,Q,50635011,5060254,403
P77337-11,50635011,FW-P-15,PW,G,SAMP,SGPC,3/19/2015 13:37,,,,,,,,4/6/2015 16:26,4/6/2015 16:26,608,NH4,20,1.045,mg/L,+/- 0.054,,SM4500NH3H,0.005,,,,50635011,5060251,608
P77337-11,50635011,FW-P-15,PW,G,SAMP,SGPC,3/19/2015 13:37,,,,,,,,3/30/2015 16:35,3/30/2015 16:35,946,SO4,33,166,mg/L,+/- 7.9,,SM4110B,5,,,,50635011,5060249,946
P77337-11,50635011,FW-P-15,PW,G,SAMP,SGPC,3/19/2015 13:37,,,,,,,,4/3/2015 9:32,4/1/2015 15:55,602,TDN,,1.47,mg/L,+/- 0.159,,SM4500NC,0.1,,,,50635011,5060253,602
P77867-13,51168013,S-199,SW,G,SAMP,SGPC,4/13/2015 9:00,,,,,,,,4/28/2015 13:57,4/28/2015 13:57,410,ALKA,67,224.53,mg/L,,,SM2320B,1,,,Q,51168013,5097589,410
P77867-13,51168013,S-199,SW,G,SAMP,SGPC,4/13/2015 9:00,,,,,,,,4/29/2015 17:33,4/29/2015 17:33,941,CL,32,93.632,mg/L,,,SM4110B,0.1,,,,51168013,5097583,941
P77867-13,51168013,S-199,SW,G,SAMP,SGPC,4/13/2015 9:00,,,,,,,,4/29/2015 9:27,4/29/2015 9:27,681,DOC,89,69.69,mg/L,,,SM5310B,1.6,,,,51168013,5097584,681
P77867-13,51168013,S-199,SW,G,SAMP,SGPC,4/13/2015 9:00,,,,,,,,4/28/2015 13:57,4/28/2015 13:57,403,LPH,15,8.04,pH Units,,,SM4500H+B,0.1,,,Q,51168013,5097588,403
P77867-13,51168013,S-199,SW,G,SAMP,SGPC,4/13/2015 9:00,,,,,,,,4/29/2015 17:33,4/29/2015 17:33,946,SO4,33,15.075,mg/L,,,SM4110B,0.1,,,,51168013,5097583,946
P77867-13,51168013,S-199,SW,G,SAMP,SGPC,4/13/2015 9:00,,,,,,,,5/1/2015 10:21,4/30/2015 13:00,602,TDN,,1.228,mg/L,,,SM4500NC,0.02,,,,51168013,5097587,602
P77867-14,51168014,S-199,SW,G,FD,SGPC,4/13/2015 9:01,,,,,,,,4/28/2015 14:05,4/28/2015 14:05,410,ALKA,67,224.76,mg/L,,,SM2320B,1,,,Q,51168014,5097596,410
P77867-14,51168014,S-199,SW,G,FD,SGPC,4/13/2015 9:01,,,,,,,,4/29/2015 17:42,4/29/2015 17:42,941,CL,32,95.519,mg/L,,,SM4110B,0.1,,,,51168014,5097590,941
P77867-14,51168014,S-199,SW,G,FD,SGPC,4/13/2015 9:01,,,,,,,,4/29/2015 9:27,4/29/2015 9:27,681,DOC,89,70.18,mg/L,,,SM5310B,1.6,,,,51168014,5097591,681
P77867-14,51168014,S-199,SW,G,FD,SGPC,4/13/2015 9:01,,,,,,,,4/28/2015 14:05,4/28/2015 14:05,403,LPH,15,8.08,pH Units,,,SM4500H+B,0.1,,,Q,51168014,5097595,403
P77867-14,51168014,S-199,SW,G,FD,SGPC,4/13/2015 9:01,,,,,,,,4/29/2015 17:42,4/29/2015 17:42,946,SO4,33,15.208,mg/L,,,SM4110B,0.1,,,,51168014,5097590,946
P77867-14,51168014,S-199,SW,G,FD,SGPC,4/13/2015 9:01,,,,,,,,5/1/2015 10:23,4/30/2015 13:00,602,TDN,,1.253,mg/L,,,SM4500NC,0.02,,,,51168014,5097594,602
P77868-1,51169001,BW-P-1,PW,G,SAMP,SGPC,4/15/2015 11:40,,,,,,,,4/28/2015 12:32,4/28/2015 12:32,410,ALKA,67,306.53,mg/L,,,SM2320B,1,,,,51169001,5097447,410
P77868-1,51169001,BW-P-1,PW,G,SAMP,SGPC,4/15/2015 11:40,,,,,,,,4/29/2015 17:51,4/29/2015 17:51,941,CL,32,4421.385,mg/L,,,SM4110B,20,,,,51169001,5097441,941
P77868-1,51169001,BW-P-1,PW,G,SAMP,SGPC,4/15/2015 11:40,,,,,,,,4/29/2015 9:27,4/29/2015 9:27,681,DOC,89,114.2,mg/L,,,SM5310B,1.6,,,L,51169001,5097442,681
P77868-1,51169001,BW-P-1,PW,G,SAMP,SGPC,4/15/2015 11:40,,,,,,,,4/28/2015 12:32,4/28/2015 12:32,403,LPH,15,7.73,pH Units,,,SM4500H+B,0.1,,,Q,51169001,5097446,403
P77868-1,51169001,BW-P-1,PW,G,SAMP,SGPC,4/15/2015 11:40,,,,,,,,4/29/2015 17:51,4/29/2015 17:51,946,SO4,33,421.263,mg/L,,,SM4110B,20,,,,51169001,5097441,946
P77868-1,51169001,BW-P-1,PW,G,SAMP,SGPC,4/15/2015 11:40,,,,,,,,5/1/2015 10:24,4/30/2015 13:00,602,TDN,,0.771,mg/L,,,SM4500NC,0.1,,,,51169001,5097445,602
P77868-9,51169009,BW-P-13,PW,G,SAMP,SGPC,4/15/2015 12:00,,,,,,,,4/28/2015 15:24,4/28/2015 15:24,410,ALKA,67,179.6,mg/L,,,SM2320B,1,,,,51169009,5097499,410
P77868-9,51169009,BW-P-13,PW,G,SAMP,SGPC,4/15/2015 12:00,,,,,,,,4/29/2015 19:16,4/29/2015 19:16,941,CL,32,8929.837,mg/L,,,SM4110B,20,,,,51169009,5097493,941
P77868-9,51169009,BW-P-13,PW,G,SAMP,SGPC,4/15/2015 12:00,,,,,,,,4/29/2015 9:27,4/29/2015 9:27,681,DOC,89,94.06,mg/L,,,SM5310B,1.6,,,,51169009,5097494,681
P77868-9,51169009,BW-P-13,PW,G,SAMP,SGPC,4/15/2015 12:00,,,,,,,,4/28/2015 15:24,4/28/2015 15:24,403,LPH,15,7.75,pH Units,,,SM4500H+B,0.1,,,Q,51169009,5097498,403
P77868-9,51169009,BW-P-13,PW,G,SAMP,SGPC,4/15/2015 12:00,,,,,,,,4/29/2015 19:16,4/29/2015 19:16,946,SO4,33,955.829,mg/L,,,SM4110B,20,,,,51169009,5097493,946
P77868-9,51169009,BW-P-13,PW,G,SAMP,SGPC,4/15/2015 12:00,,,,,,,,5/1/2015 10:42,4/30/2015 13:00,602,TDN,,3.766,mg/L,,,SM4500NC,0.1,,,,51169009,5097497,602
P77868-3,51169003,BW-P-5,PW,G,SAMP,SGPC,4/15/2015 12:12,,,,,,,,4/28/2015 14:23,4/28/2015 14:23,410,ALKA,67,500,mg/L,+/- 56,,SM2320B,1,,,,51169003,5097457,410
P77868-3,51169003,BW-P-5,PW,G,SAMP,SGPC,4/15/2015 12:12,,,,,,,,4/29/2015 18:20,4/29/2015 18:20,941,CL,32,4866,mg/L,+/- 239,,SM4110B,20,,,,51169003,5097455,941
P77868-3,51169003,BW-P-5,PW,G,SAMP,SGPC,4/15/2015 12:12,,,,,,,,4/28/2015 14:23,4/28/2015 14:23,403,LPH,15,8.02,pH Units,+/- 0.13,,SM4500H+B,0.1,,,Q,51169003,5097456,403
P77868-3,51169003,BW-P-5,PW,G,SAMP,SGPC,4/15/2015 12:12,,,,,,,,4/29/2015 18:20,4/29/2015 18:20,946,SO4,33,351,mg/L,+/- 23.8,,SM4110B,20,,,,51169003,5097455,946
P77868-7,51169007,BW-P-11,PW,G,SAMP,SGPC,4/15/2015 12:31,,,,,,,,4/28/2015 15:08,4/28/2015 15:08,410,ALKA,67,222.17,mg/L,,,SM2320B,1,,,,51169007,5097485,410
P77868-7,51169007,BW-P-11,PW,G,SAMP,SGPC,4/15/2015 12:31,,,,,,,,4/29/2015 18:57,4/29/2015 18:57,941,CL,32,8969.468,mg/L,,,SM4110B,20,,,,51169007,5097479,941
P77868-7,51169007,BW-P-11,PW,G,SAMP,SGPC,4/15/2015 12:31,,,,,,,,4/29/2015 9:27,4/29/2015 9:27,681,DOC,89,94.15,mg/L,,,SM5310B,1.6,,,,51169007,5097480,681
P77868-7,51169007,BW-P-11,PW,G,SAMP,SGPC,4/15/2015 12:31,,,,,,,,4/28/2015 15:08,4/28/2015 15:08,403,LPH,15,7.49,pH Units,,,SM4500H+B,0.1,,,Q,51169007,5097484,403
P77868-7,51169007,BW-P-11,PW,G,SAMP,SGPC,4/15/2015 12:31,,,,,,,,4/29/2015 18:57,4/29/2015 18:57,946,SO4,33,920.956,mg/L,,,SM4110B,20,,,,51169007,5097479,946
P77868-7,51169007,BW-P-11,PW,G,SAMP,SGPC,4/15/2015 12:31,,,,,,,,5/1/2015 10:39,4/30/2015 13:00,602,TDN,,4.106,mg/L,,,SM4500NC,0.1,,,,51169007,5097483,602
P77868-4,51169004,BW-P-7,PW,G,SAMP,SGPC,4/15/2015 12:41,,,,,,,,4/28/2015 14:41,4/28/2015 14:41,410,ALKA,67,362.57,mg/L,,,SM2320B,1,,,,51169004,5097464,410
P77868-4,51169004,BW-P-7,PW,G,SAMP,SGPC,4/15/2015 12:41,,,,,,,,4/29/2015 18:29,4/29/2015 18:29,941,CL,32,4639.731,mg/L,,,SM4110B,20,,,,51169004,5097458,941
P77868-4,51169004,BW-P-7,PW,G,SAMP,SGPC,4/15/2015 12:41,,,,,,,,4/29/2015 9:27,4/29/2015 9:27,681,DOC,89,116.1,mg/L,,,SM5310B,1.6,,,L,51169004,5097459,681
P77868-4,51169004,BW-P-7,PW,G,SAMP,SGPC,4/15/2015 12:41,,,,,,,,4/28/2015 14:41,4/28/2015 14:41,403,LPH,15,7.57,pH Units,,,SM4500H+B,0.1,,,Q,51169004,5097463,403
P77868-4,51169004,BW-P-7,PW,G,SAMP,SGPC,4/15/2015 12:41,,,,,,,,4/29/2015 18:29,4/29/2015 18:29,946,SO4,33,426.546,mg/L,,,SM4110B,20,,,,51169004,5097458,946
P77868-4,51169004,BW-P-7,PW,G,SAMP,SGPC,4/15/2015 12:41,,,,,,,,5/1/2015 10:27,4/30/2015 13:00,602,TDN,,6.347,mg/L,,,SM4500NC,0.1,,,,51169004,5097462,602
P77868-11,51169011,BW-P-15,PW,G,SAMP,SGPC,4/15/2015 13:01,,,,,,,,4/29/2015 9:27,4/29/2015 9:27,681,DOC,89,108.4,mg/L,,,SM5310B,1.6,,,L,51169011,5097507,681
P77868-11,51169011,BW-P-15,PW,G,SAMP,SGPC,4/15/2015 13:01,,,,,,,,5/1/2015 10:45,4/30/2015 13:00,602,TDN,,4.822,mg/L,,,SM4500NC,0.1,,,,51169011,5097510,602
P77868-5,51169005,BW-P-8,PW,G,SAMP,SGPC,4/15/2015 13:18,,,,,,,,4/28/2015 14:50,4/28/2015 14:50,410,ALKA,67,630.96,mg/L,,,SM2320B,1,,,,51169005,5097471,410
P77868-5,51169005,BW-P-8,PW,G,SAMP,SGPC,4/15/2015 13:18,,,,,,,,4/29/2015 18:38,4/29/2015 18:38,941,CL,32,5507.711,mg/L,,,SM4110B,20,,,,51169005,5097465,941
P77868-5,51169005,BW-P-8,PW,G,SAMP,SGPC,4/15/2015 13:18,,,,,,,,4/29/2015 9:27,4/29/2015 9:27,681,DOC,89,138.2,mg/L,,,SM5310B,1.6,,,L,51169005,5097466,681
P77868-5,51169005,BW-P-8,PW,G,SAMP,SGPC,4/15/2015 13:18,,,,,,,,4/28/2015 14:50,4/28/2015 14:50,403,LPH,15,7.86,pH Units,,,SM4500H+B,0.1,,,Q,51169005,5097470,403
P77868-5,51169005,BW-P-8,PW,G,SAMP,SGPC,4/15/2015 13:18,,,,,,,,4/29/2015 18:38,4/29/2015 18:38,946,SO4,33,405.379,mg/L,,,SM4110B,20,,,,51169005,5097465,946
P77868-5,51169005,BW-P-8,PW,G,SAMP,SGPC,4/15/2015 13:18,,,,,,,,5/1/2015 10:29,4/30/2015 13:00,602,TDN,,9.286,mg/L,,,SM4500NC,0.1,,,,51169005,5097469,602
P77868-12,51169012,BW-P-16,PW,G,SAMP,SGPC,4/15/2015 13:31,,,,,,,,4/28/2015 15:49,4/28/2015 15:49,410,ALKA,67,316.21,mg/L,,,SM2320B,1,,,,51169012,5097517,410
P77868-12,51169012,BW-P-16,PW,G,SAMP,SGPC,4/15/2015 13:31,,,,,,,,4/29/2015 19:35,4/29/2015 19:35,941,CL,32,8928.112,mg/L,,,SM4110B,20,,,,51169012,5097511,941
P77868-12,51169012,BW-P-16,PW,G,SAMP,SGPC,4/15/2015 13:31,,,,,,,,4/29/2015 9:27,4/29/2015 9:27,681,DOC,89,93.45,mg/L,,,SM5310B,1.6,,,,51169012,5097512,681
P77868-12,51169012,BW-P-16,PW,G,SAMP,SGPC,4/15/2015 13:31,,,,,,,,4/28/2015 15:49,4/28/2015 15:49,403,LPH,15,7.55,pH Units,,,SM4500H+B,0.1,,,Q,51169012,5097516,403
P77868-12,51169012,BW-P-16,PW,G,SAMP,SGPC,4/15/2015 13:31,,,,,,,,4/29/2015 19:35,4/29/2015 19:35,946,SO4,33,901.933,mg/L,,,SM4110B,20,,,,51169012,5097511,946
P77868-12,51169012,BW-P-16,PW,G,SAMP,SGPC,4/15/2015 13:31,,,,,,,,5/1/2015 10:46,4/30/2015 13:00,602,TDN,,4.951,mg/L,,,SM4500NC,0.1,,,,51169012,5097515,602
P77868-6,51169006,BW-P-9,PW,G,SAMP,SGPC,4/15/2015 13:47,,,,,,,,4/28/2015 14:59,4/28/2015 14:59,410,ALKA,67,518.4,mg/L,,,SM2320B,1,,,,51169006,5097478,410
P77868-6,51169006,BW-P-9,PW,G,SAMP,SGPC,4/15/2015 13:47,,,,,,,,4/29/2015 18:48,4/29/2015 18:48,941,CL,32,6084.357,mg/L,,,SM4110B,20,,,,51169006,5097472,941
P77868-6,51169006,BW-P-9,PW,G,SAMP,SGPC,4/15/2015 13:47,,,,,,,,4/29/2015 9:27,4/29/2015 9:27,681,DOC,89,120.3,mg/L,,,SM5310B,1.6,,,L,51169006,5097473,681
P77868-6,51169006,BW-P-9,PW,G,SAMP,SGPC,4/15/2015 13:47,,,,,,,,4/28/2015 14:59,4/28/2015 14:59,403,LPH,15,7.88,pH Units,,,SM4500H+B,0.1,,,Q,51169006,5097477,403
P77868-6,51169006,BW-P-9,PW,G,SAMP,SGPC,4/15/2015 13:47,,,,,,,,4/29/2015 18:48,4/29/2015 18:48,946,SO4,33,474.261,mg/L,,,SM4110B,20,,,,51169006,5097472,946
P77868-6,51169006,BW-P-9,PW,G,SAMP,SGPC,4/15/2015 13:47,,,,,,,,5/1/2015 10:53,4/30/2015 13:00,602,TDN,,6.928,mg/L,,,SM4500NC,0.1,,,,51169006,5097476,602
P77868-10,51169010,BW-P-14,PW,G,SAMP,SGPC,4/15/2015 13:58,,,,,,,,4/28/2015 15:41,4/28/2015 15:41,410,ALKA,67,263.7,mg/L,,,SM2320B,1,,,,51169010,5097506,410
P77868-10,51169010,BW-P-14,PW,G,SAMP,SGPC,4/15/2015 13:58,,,,,,,,4/29/2015 19:25,4/29/2015 19:25,941,CL,32,9999.523,mg/L,,,SM4110B,20,,,,51169010,5097500,941
P77868-10,51169010,BW-P-14,PW,G,SAMP,SGPC,4/15/2015 13:58,,,,,,,,4/29/2015 9:27,4/29/2015 9:27,681,DOC,89,84.04,mg/L,,,SM5310B,1.6,,,,51169010,5097501,681
P77868-10,51169010,BW-P-14,PW,G,SAMP,SGPC,4/15/2015 13:58,,,,,,,,4/28/2015 15:41,4/28/2015 15:41,403,LPH,15,7.56,pH Units,,,SM4500H+B,0.1,,,Q,51169010,5097505,403
P77868-10,51169010,BW-P-14,PW,G,SAMP,SGPC,4/15/2015 13:58,,,,,,,,4/29/2015 19:25,4/29/2015 19:25,946,SO4,33,1073.554,mg/L,,,SM4110B,20,,,,51169010,5097500,946
P77868-10,51169010,BW-P-14,PW,G,SAMP,SGPC,4/15/2015 13:58,,,,,,,,5/1/2015 10:43,4/30/2015 13:00,602,TDN,,4.195,mg/L,,,SM4500NC,0.1,,,,51169010,5097504,602
P77868-2,51169002,BW-P-3,PW,G,SAMP,SGPC,4/15/2015 14:10,,,,,,,,4/28/2015 14:13,4/28/2015 14:13,410,ALKA,67,478.13,mg/L,,,SM2320B,1,,,,51169002,5097454,410
P77868-2,51169002,BW-P-3,PW,G,SAMP,SGPC,4/15/2015 14:10,,,,,,,,4/29/2015 18:10,4/29/2015 18:10,941,CL,32,4661.689,mg/L,,,SM4110B,20,,,,51169002,5097448,941
P77868-2,51169002,BW-P-3,PW,G,SAMP,SGPC,4/15/2015 14:10,,,,,,,,4/29/2015 9:27,4/29/2015 9:27,681,DOC,89,119,mg/L,,,SM5310B,1.6,,,L,51169002,5097449,681
P77868-2,51169002,BW-P-3,PW,G,SAMP,SGPC,4/15/2015 14:10,,,,,,,,4/28/2015 14:13,4/28/2015 14:13,403,LPH,15,7.59,pH Units,,,SM4500H+B,0.1,,,Q,51169002,5097453,403
P77868-2,51169002,BW-P-3,PW,G,SAMP,SGPC,4/15/2015 14:10,,,,,,,,4/29/2015 18:10,4/29/2015 18:10,946,SO4,33,317.643,mg/L,,,SM4110B,20,,,,51169002,5097448,946
P77868-2,51169002,BW-P-3,PW,G,SAMP,SGPC,4/15/2015 14:10,,,,,,,,5/1/2015 10:26,4/30/2015 13:00,602,TDN,,6.588,mg/L,,,SM4500NC,0.1,,,,51169002,5097452,602
P77868-8,51169008,BW-P-12,PW,G,SAMP,SGPC,4/15/2015 14:23,,,,,,,,4/28/2015 15:16,4/28/2015 15:16,410,ALKA,67,255.41,mg/L,,,SM2320B,1,,,,51169008,5097492,410
P77868-8,51169008,BW-P-12,PW,G,SAMP,SGPC,4/15/2015 14:23,,,,,,,,4/29/2015 19:06,4/29/2015 19:06,941,CL,32,10171.72,mg/L,,,SM4110B,20,,,,51169008,5097486,941
P77868-8,51169008,BW-P-12,PW,G,SAMP,SGPC,4/15/2015 14:23,,,,,,,,4/29/2015 9:27,4/29/2015 9:27,681,DOC,89,81.84,mg/L,,,SM5310B,1.6,,,,51169008,5097487,681
P77868-8,51169008,BW-P-12,PW,G,SAMP,SGPC,4/15/2015 14:23,,,,,,,,4/28/2015 15:16,4/28/2015 15:16,403,LPH,15,7.43,pH Units,,,SM4500H+B,0.1,,,Q,51169008,5097491,403
P77868-8,51169008,BW-P-12,PW,G,SAMP,SGPC,4/15/2015 14:23,,,,,,,,4/29/2015 19:06,4/29/2015 19:06,946,SO4,33,1121.684,mg/L,,,SM4110B,20,,,,51169008,5097486,946
P77868-8,51169008,BW-P-12,PW,G,SAMP,SGPC,4/15/2015 14:23,,,,,,,,5/1/2015 10:40,4/30/2015 13:00,602,TDN,,4.221,mg/L,,,SM4500NC,0.1,,,,51169008,5097490,602
P77868-13,51169013,S-199,SW,G,SAMP,SGPC,4/15/2015 18:09,,,,,,,,4/28/2015 15:57,4/28/2015 15:57,410,ALKA,67,234.61,mg/L,,,SM2320B,1,,,,51169013,5097524,410
P77868-13,51169013,S-199,SW,G,SAMP,SGPC,4/15/2015 18:09,,,,,,,,4/29/2015 20:50,4/29/2015 20:50,941,CL,32,95.749,mg/L,,,SM4110B,0.1,,,,51169013,5097518,941
P77868-13,51169013,S-199,SW,G,SAMP,SGPC,4/15/2015 18:09,,,,,,,,4/29/2015 9:27,4/29/2015 9:27,681,DOC,89,74.79,mg/L,,,SM5310B,1.6,,,,51169013,5097519,681
P77868-13,51169013,S-199,SW,G,SAMP,SGPC,4/15/2015 18:09,,,,,,,,4/28/2015 15:57,4/28/2015 15:57,403,LPH,15,8.11,pH Units,,,SM4500H+B,0.1,,,Q,51169013,5097523,403
P77868-13,51169013,S-199,SW,G,SAMP,SGPC,4/15/2015 18:09,,,,,,,,4/29/2015 20:50,4/29/2015 20:50,946,SO4,33,15.581,mg/L,,,SM4110B,0.1,,,,51169013,5097518,946
P77868-13,51169013,S-199,SW,G,SAMP,SGPC,4/15/2015 18:09,,,,,,,,5/1/2015 10:48,4/30/2015 13:00,602,TDN,,1.498,mg/L,,,SM4500NC,0.02,,,,51169013,5097522,602
P77868-14,51169014,S-199,SW,G,FD,SGPC,4/15/2015 18:16,,,,,,,,4/28/2015 16:05,4/28/2015 16:05,410,ALKA,67,235.16,mg/L,,,SM2320B,1,,,,51169014,5097531,410
P77868-14,51169014,S-199,SW,G,FD,SGPC,4/15/2015 18:16,,,,,,,,4/29/2015 20:59,4/29/2015 20:59,941,CL,32,95.91,mg/L,,,SM4110B,0.1,,,,51169014,5097525,941
P77868-14,51169014,S-199,SW,G,FD,SGPC,4/15/2015 18:16,,,,,,,,4/29/2015 9:27,4/29/2015 9:27,681,DOC,89,73.39,mg/L,,,SM5310B,1.6,,,,51169014,5097526,681
P77868-14,51169014,S-199,SW,G,FD,SGPC,4/15/2015 18:16,,,,,,,,4/28/2015 16:05,4/28/2015 16:05,403,LPH,15,8.15,pH Units,,,SM4500H+B,0.1,,,Q,51169014,5097530,403
P77868-14,51169014,S-199,SW,G,FD,SGPC,4/15/2015 18:16,,,,,,,,4/29/2015 20:59,4/29/2015 20:59,946,SO4,33,15.552,mg/L,,,SM4110B,0.1,,,,51169014,5097525,946
P77868-14,51169014,S-199,SW,G,FD,SGPC,4/15/2015 18:16,,,,,,,,5/1/2015 10:49,4/30/2015 13:00,602,TDN,,1.312,mg/L,,,SM4500NC,0.02,,,,51169014,5097529,602
P77868-15,51169015,S-199,DI,G,EB,SGPC,4/15/2015 19:00,,,,,,,,4/28/2015 16:13,4/28/2015 16:13,410,ALKA,67,0.49,mg/L,,,SM2320B,1,,,,51169015,5097538,410
P77868-15,51169015,S-199,DI,G,EB,SGPC,4/15/2015 19:00,,,,,,,,4/29/2015 21:08,4/29/2015 21:08,941,CL,32,0.134,mg/L,,,SM4110B,0.1,,Results Confirmed.,G,51169015,5097532,941
P77868-15,51169015,S-199,DI,G,EB,SGPC,4/15/2015 19:00,,,,,,,,4/29/2015 9:27,4/29/2015 9:27,681,DOC,89,3.886,mg/L,,,SM5310B,0.8,,,G,51169015,5097533,681
P77868-15,51169015,S-199,DI,G,EB,SGPC,4/15/2015 19:00,,,,,,,,4/28/2015 16:13,4/28/2015 16:13,403,LPH,15,5.47,pH Units,,,SM4500H+B,0.1,,,Q,51169015,5097537,403
P77868-15,51169015,S-199,DI,G,EB,SGPC,4/15/2015 19:00,,,,,,,,4/29/2015 21:08,4/29/2015 21:08,946,SO4,33,0.061,mg/L,,,SM4110B,0.1,,,,51169015,5097532,946
P77868-15,51169015,S-199,DI,G,EB,SGPC,4/15/2015 19:00,,,,,,,,5/1/2015 10:50,4/30/2015 13:00,602,TDN,,0.064,mg/L,,,SM4500NC,0.02,,,G,51169015,5097536,602
P77868-16,51169016,S-199,DI,G,FB,SGPC,4/15/2015 19:05,,,,,,,,4/28/2015 16:22,4/28/2015 16:22,410,ALKA,67,0.03,mg/L,,,SM2320B,1,,,,51169016,5097545,410
P77868-16,51169016,S-199,DI,G,FB,SGPC,4/15/2015 19:05,,,,,,,,4/29/2015 21:27,4/29/2015 21:27,941,CL,32,0,mg/L,,,SM4110B,0.1,,,,51169016,5097539,941
P77868-16,51169016,S-199,DI,G,FB,SGPC,4/15/2015 19:05,,,,,,,,4/29/2015 9:27,4/29/2015 9:27,681,DOC,89,0.6255,mg/L,,,SM5310B,0.8,,,,51169016,5097540,681
P77868-16,51169016,S-199,DI,G,FB,SGPC,4/15/2015 19:05,,,,,,,,4/28/2015 16:22,4/28/2015 16:22,403,LPH,15,5.08,pH Units,,,SM4500H+B,0.1,,,Q,51169016,5097544,403
P77868-16,51169016,S-199,DI,G,FB,SGPC,4/15/2015 19:05,,,,,,,,4/29/2015 21:27,4/29/2015 21:27,946,SO4,33,0,mg/L,,,SM4110B,0.1,,,,51169016,5097539,946
P77868-16,51169016,S-199,DI,G,FB,SGPC,4/15/2015 19:05,,,,,,,,5/1/2015 10:52,4/30/2015 13:00,602,TDN,,-0.004,mg/L,,,SM4500NC,0.02,,,,51169016,5097543,602
